Vila,Area,Order,Seasonal Order,AIC,BIC,RMSE,SMAPE,Train (bln),Test (bln),Rank_BIC
Briana,Canggu,"(2, 1, 1)","(0, 1, 1, 7)",10.0,14.72,62.29,136.84,33,3,1
Briana,Canggu,"(2, 1, 1)","(2, 1, 1, 7)",14.0,17.39,25.1,29.69,33,3,2
Briana,Canggu,"(2, 1, 1)","(1, 1, 1, 7)",12.0,17.67,62.29,136.84,33,3,3
Briana,Canggu,"(2, 1, 2)","(0, 1, 2, 7)",78.93,81.72,29.62,36.08,33,3,4
Briana,Canggu,"(1, 1, 2)","(1, 1, 2, 7)",80.36,83.15,33.29,41.28,33,3,5
Briana,Canggu,"(2, 1, 2)","(1, 1, 2, 7)",81.56,84.74,28.58,34.62,33,3,6
Briana,Canggu,"(2, 1, 1)","(1, 1, 2, 7)",86.12,89.51,46.27,63.06,33,3,7
Briana,Canggu,"(1, 1, 1)","(1, 1, 2, 7)",89.26,92.17,25.71,30.57,33,3,8
Briana,Canggu,"(0, 1, 2)","(1, 1, 2, 7)",89.87,92.26,16.19,16.32,33,3,9
Briana,Canggu,"(1, 1, 2)","(0, 1, 2, 7)",89.97,92.36,25.47,30.24,33,3,10
Briana,Canggu,"(0, 1, 2)","(0, 1, 2, 7)",91.01,93.0,17.14,18.88,33,3,11
Briana,Canggu,"(0, 1, 2)","(2, 1, 2, 7)",90.61,93.4,16.01,17.08,33,3,12
Briana,Canggu,"(1, 1, 2)","(2, 1, 2, 7)",91.17,94.35,37.57,47.74,33,3,13
Briana,Canggu,"(1, 1, 1)","(2, 1, 2, 7)",91.26,94.65,14.23,16.32,33,3,14
Briana,Canggu,"(0, 1, 1)","(1, 1, 2, 7)",92.43,94.85,12.55,13.14,33,3,15
Briana,Canggu,"(2, 1, 2)","(2, 1, 2, 7)",93.0,96.58,23.88,27.85,33,3,16
Briana,Canggu,"(1, 1, 1)","(0, 1, 2, 7)",94.24,96.67,23.6,27.44,33,3,17
Briana,Canggu,"(2, 1, 1)","(0, 1, 2, 7)",94.38,97.29,25.81,30.71,33,3,18
Briana,Canggu,"(0, 1, 1)","(2, 1, 2, 7)",94.54,97.45,12.8,13.39,33,3,19
Briana,Canggu,"(2, 1, 0)","(2, 1, 2, 7)",94.25,97.64,27.08,32.52,33,3,20
Briana,Canggu,"(0, 1, 1)","(0, 1, 2, 7)",96.14,98.08,15.94,16.62,33,3,21
Briana,Canggu,"(2, 1, 0)","(2, 1, 0, 7)",95.95,98.37,25.33,30.03,33,3,22
Briana,Canggu,"(2, 1, 2)","(2, 1, 0, 7)",95.69,99.09,32.54,40.2,33,3,23
Briana,Canggu,"(2, 1, 1)","(2, 1, 0, 7)",97.83,100.74,24.69,29.07,33,3,24
Briana,Canggu,"(2, 1, 1)","(2, 1, 2, 7)",97.29,101.17,29.71,36.2,33,3,25
Briana,Canggu,"(2, 1, 0)","(1, 1, 2, 7)",98.58,101.97,22.91,26.9,33,3,26
Briana,Canggu,"(2, 1, 0)","(0, 1, 2, 7)",100.27,103.1,19.02,20.78,33,3,27
Briana,Canggu,"(1, 1, 1)","(2, 1, 0, 7)",101.99,104.81,23.68,27.53,33,3,28
Briana,Canggu,"(1, 1, 2)","(2, 1, 0, 7)",103.76,107.15,23.51,27.26,33,3,29
Briana,Canggu,"(1, 1, 0)","(1, 1, 2, 7)",105.6,108.43,25.14,29.77,33,3,30
Briana,Canggu,"(1, 1, 0)","(0, 1, 2, 7)",106.42,108.68,21.49,24.32,33,3,31
Briana,Canggu,"(1, 1, 0)","(2, 1, 0, 7)",106.76,109.02,23.5,27.31,33,3,32
Briana,Canggu,"(1, 1, 0)","(2, 1, 2, 7)",107.52,110.91,23.2,26.89,33,3,33
Briana,Canggu,"(0, 1, 0)","(1, 1, 2, 7)",110.72,112.98,14.06,15.24,33,3,34
Briana,Canggu,"(0, 1, 0)","(0, 1, 2, 7)",111.49,113.18,14.22,15.02,33,3,35
Briana,Canggu,"(0, 1, 1)","(2, 1, 0, 7)",111.71,114.26,14.76,13.86,33,3,36
Briana,Canggu,"(0, 1, 2)","(2, 1, 0, 7)",111.07,114.27,17.36,15.63,33,3,37
Briana,Canggu,"(0, 1, 0)","(2, 1, 2, 7)",112.72,115.55,12.98,13.57,33,3,38
Briana,Canggu,"(0, 1, 0)","(2, 1, 0, 7)",119.63,121.55,13.63,14.69,33,3,39
Briana,Canggu,"(2, 1, 0)","(1, 1, 0, 7)",149.91,153.68,21.05,23.62,33,3,40
Briana,Canggu,"(2, 1, 1)","(1, 1, 0, 7)",150.38,155.1,16.68,18.31,33,3,41
Briana,Canggu,"(2, 1, 2)","(1, 1, 0, 7)",152.38,158.05,19.8,21.89,33,3,42
Briana,Canggu,"(1, 1, 0)","(1, 1, 0, 7)",157.11,160.09,17.22,18.83,33,3,43
Briana,Canggu,"(1, 1, 1)","(1, 1, 0, 7)",157.67,161.65,17.2,18.83,33,3,44
Briana,Canggu,"(1, 1, 2)","(1, 1, 0, 7)",158.63,163.61,22.74,26.23,33,3,45
Briana,Canggu,"(0, 1, 1)","(1, 1, 0, 7)",167.99,171.12,14.06,13.5,33,3,46
Briana,Canggu,"(0, 1, 2)","(1, 1, 0, 7)",168.6,172.78,14.07,13.56,33,3,47
Briana,Canggu,"(0, 1, 0)","(1, 1, 0, 7)",177.78,179.87,14.13,16.79,33,3,48
Briana,Canggu,"(1, 1, 2)","(0, 1, 0, 7)",210.0,214.87,15.42,17.7,33,3,49
Briana,Canggu,"(2, 1, 2)","(0, 1, 0, 7)",211.49,217.58,17.26,20.27,33,3,50
Briana,Canggu,"(0, 1, 2)","(0, 1, 0, 7)",215.22,218.88,12.11,12.81,33,3,51
Briana,Canggu,"(0, 1, 1)","(0, 1, 0, 7)",221.66,224.17,12.1,12.77,33,3,52
Briana,Canggu,"(2, 1, 1)","(0, 1, 0, 7)",220.47,225.5,12.39,14.37,33,3,53
Briana,Canggu,"(1, 1, 1)","(0, 1, 0, 7)",222.25,226.02,19.38,22.23,33,3,54
Briana,Canggu,"(2, 1, 0)","(0, 1, 0, 7)",222.27,226.05,18.02,20.73,33,3,55
Briana,Canggu,"(1, 1, 0)","(0, 1, 0, 7)",227.62,230.21,16.88,19.54,33,3,56
Briana,Canggu,"(0, 1, 0)","(0, 1, 0, 7)",247.86,249.16,12.35,12.92,33,3,57
Briana,Canggu,"(1, 1, 0)","(2, 1, 1, 7)",533.9,536.72,23.62,27.47,33,3,58
Briana,Canggu,"(2, 1, 2)","(2, 1, 1, 7)",539.51,543.39,36.72,46.42,33,3,59
Briana,Canggu,"(2, 1, 0)","(2, 1, 1, 7)",545.66,548.57,32.74,40.49,33,3,60
Briana,Canggu,"(0, 1, 0)","(2, 1, 1, 7)",551.8,554.36,14.22,16.61,33,3,61
Briana,Canggu,"(1, 1, 1)","(2, 1, 1, 7)",577.64,581.03,24.01,28.14,33,3,62
Briana,Canggu,"(1, 1, 2)","(2, 1, 1, 7)",585.45,589.41,24.45,28.78,33,3,63
Briana,Canggu,"(0, 1, 1)","(2, 1, 1, 7)",621.8,625.0,12.78,13.77,33,3,64
Briana,Canggu,"(0, 1, 2)","(2, 1, 1, 7)",628.21,632.04,17.15,16.23,33,3,65
Briana,Canggu,"(0, 1, 0)","(1, 1, 1, 7)",673.8,676.79,18.52,23.95,33,3,66
Briana,Canggu,"(2, 1, 2)","(0, 1, 1, 7)",793.3,798.64,17.49,20.45,33,3,67
Briana,Canggu,"(2, 1, 2)","(1, 1, 1, 7)",794.85,801.08,19.5,20.58,33,3,68
Briana,Canggu,"(1, 1, 2)","(0, 1, 1, 7)",796.76,801.21,16.37,19.05,33,3,69
Briana,Canggu,"(1, 1, 2)","(1, 1, 1, 7)",798.64,803.98,18.93,19.6,33,3,70
Briana,Canggu,"(1, 1, 0)","(0, 1, 1, 7)",811.0,813.98,16.88,19.54,33,3,71
Briana,Canggu,"(0, 1, 0)","(0, 1, 1, 7)",816.48,818.47,12.35,12.92,33,3,72
Briana,Canggu,"(1, 1, 0)","(1, 1, 1, 7)",815.35,819.33,19.65,21.09,33,3,73
Briana,Canggu,"(2, 1, 0)","(1, 1, 1, 7)",850.62,855.34,19.95,21.41,33,3,74
Briana,Canggu,"(0, 1, 2)","(0, 1, 1, 7)",873.26,876.82,15.25,15.49,33,3,75
Briana,Canggu,"(1, 1, 1)","(0, 1, 1, 7)",874.77,878.55,19.85,22.69,33,3,76
Briana,Canggu,"(0, 1, 2)","(1, 1, 1, 7)",875.28,879.73,16.66,17.73,33,3,77
Briana,Canggu,"(1, 1, 1)","(1, 1, 1, 7)",876.24,880.97,20.59,22.49,33,3,78
Briana,Canggu,"(2, 1, 0)","(0, 1, 1, 7)",892.84,896.83,18.02,20.73,33,3,79
Briana,Canggu,"(0, 1, 1)","(0, 1, 1, 7)",896.64,899.47,12.12,12.61,33,3,80
Briana,Canggu,"(0, 1, 1)","(1, 1, 1, 7)",898.66,902.44,16.94,12.95,33,3,81
Castello,Canggu,"(2, 1, 2)","(1, 1, 2, 7)",92.38,95.56,14.58,34.18,33,3,1
Castello,Canggu,"(2, 1, 2)","(0, 1, 1, 7)",91.19,96.53,53.89,104.61,33,3,2
Castello,Canggu,"(2, 1, 2)","(2, 1, 0, 7)",99.37,102.76,11.09,18.45,33,3,3
Castello,Canggu,"(2, 1, 2)","(2, 1, 2, 7)",100.18,103.76,13.52,27.61,33,3,4
Castello,Canggu,"(0, 1, 2)","(1, 1, 2, 7)",102.49,104.88,9.97,14.35,33,3,5
Castello,Canggu,"(2, 1, 2)","(0, 1, 2, 7)",102.24,105.02,19.63,19.52,33,3,6
Castello,Canggu,"(1, 1, 2)","(1, 1, 2, 7)",104.11,106.89,11.39,22.26,33,3,7
Castello,Canggu,"(2, 1, 2)","(2, 1, 1, 7)",103.67,107.55,8.88,12.74,33,3,8
Castello,Canggu,"(0, 1, 2)","(2, 1, 2, 7)",105.2,107.99,21.92,33.78,33,3,9
Castello,Canggu,"(2, 1, 1)","(2, 1, 0, 7)",106.55,109.46,13.69,24.51,33,3,10
Castello,Canggu,"(2, 1, 1)","(1, 1, 2, 7)",106.77,110.16,22.33,45.63,33,3,11
Castello,Canggu,"(1, 1, 2)","(2, 1, 2, 7)",107.36,110.54,15.91,34.22,33,3,12
Castello,Canggu,"(2, 1, 1)","(2, 1, 1, 7)",108.19,111.59,20.59,27.84,33,3,13
Castello,Canggu,"(0, 1, 2)","(0, 1, 2, 7)",110.17,112.16,20.96,22.0,33,3,14
Castello,Canggu,"(2, 1, 1)","(2, 1, 2, 7)",110.19,114.07,10.92,13.53,33,3,15
Castello,Canggu,"(1, 1, 2)","(0, 1, 2, 7)",112.11,114.5,22.21,25.02,33,3,16
Castello,Canggu,"(2, 1, 0)","(2, 1, 2, 7)",111.12,114.52,24.82,37.91,33,3,17
Castello,Canggu,"(2, 1, 0)","(2, 1, 0, 7)",112.42,114.85,23.91,50.14,33,3,18
Castello,Canggu,"(0, 1, 1)","(1, 1, 2, 7)",113.64,116.06,9.49,11.9,33,3,19
Castello,Canggu,"(2, 1, 0)","(2, 1, 1, 7)",113.98,116.89,24.38,39.16,33,3,20
Castello,Canggu,"(1, 1, 1)","(1, 1, 2, 7)",115.45,118.36,22.36,23.0,33,3,21
Castello,Canggu,"(0, 1, 1)","(2, 1, 2, 7)",115.62,118.53,26.7,59.32,33,3,22
Castello,Canggu,"(0, 1, 1)","(0, 1, 2, 7)",118.32,120.26,22.81,27.01,33,3,23
Castello,Canggu,"(1, 1, 1)","(2, 1, 2, 7)",117.07,120.46,30.34,84.46,33,3,24
Castello,Canggu,"(1, 1, 1)","(0, 1, 2, 7)",119.2,121.62,21.04,22.9,33,3,25
Castello,Canggu,"(2, 1, 0)","(1, 1, 2, 7)",118.55,121.94,25.13,46.72,33,3,26
Castello,Canggu,"(2, 1, 1)","(0, 1, 2, 7)",121.09,124.0,18.41,22.18,33,3,27
Castello,Canggu,"(1, 1, 2)","(2, 1, 0, 7)",121.92,125.31,19.42,24.26,33,3,28
Castello,Canggu,"(0, 1, 0)","(1, 1, 2, 7)",123.58,125.84,9.87,12.41,33,3,29
Castello,Canggu,"(1, 1, 0)","(1, 1, 2, 7)",123.68,126.51,8.41,9.65,33,3,30
Castello,Canggu,"(1, 1, 1)","(2, 1, 0, 7)",124.74,127.57,18.89,30.7,33,3,31
Castello,Canggu,"(2, 1, 0)","(0, 1, 2, 7)",125.02,127.84,20.65,21.76,33,3,32
Castello,Canggu,"(1, 1, 2)","(2, 1, 1, 7)",123.97,127.92,19.02,26.14,33,3,33
Castello,Canggu,"(0, 1, 0)","(2, 1, 2, 7)",125.58,128.41,9.86,12.39,33,3,34
Castello,Canggu,"(1, 1, 0)","(2, 1, 0, 7)",126.44,128.7,18.0,40.37,33,3,35
Castello,Canggu,"(1, 1, 1)","(2, 1, 1, 7)",125.65,129.03,26.01,54.5,33,3,36
Castello,Canggu,"(1, 1, 0)","(2, 1, 2, 7)",125.67,129.06,8.42,9.62,33,3,37
Castello,Canggu,"(0, 1, 0)","(0, 1, 2, 7)",127.84,129.54,22.16,25.84,33,3,38
Castello,Canggu,"(1, 1, 0)","(0, 1, 2, 7)",128.14,130.4,16.21,15.09,33,3,39
Castello,Canggu,"(1, 1, 0)","(2, 1, 1, 7)",127.81,130.64,21.54,47.24,33,3,40
Castello,Canggu,"(0, 1, 2)","(2, 1, 0, 7)",128.34,131.54,21.02,19.72,33,3,41
Castello,Canggu,"(0, 1, 2)","(2, 1, 1, 7)",129.27,133.1,21.35,22.43,33,3,42
Castello,Canggu,"(0, 1, 1)","(2, 1, 0, 7)",131.28,133.84,19.85,21.0,33,3,43
Castello,Canggu,"(0, 1, 1)","(2, 1, 1, 7)",133.16,136.35,23.7,38.85,33,3,44
Castello,Canggu,"(0, 1, 0)","(2, 1, 0, 7)",134.71,136.63,17.98,34.98,33,3,45
Castello,Canggu,"(0, 1, 0)","(2, 1, 1, 7)",136.48,139.04,19.52,36.53,33,3,46
Castello,Canggu,"(2, 1, 0)","(1, 1, 0, 7)",183.6,187.38,20.29,31.67,33,3,47
Castello,Canggu,"(2, 1, 1)","(1, 1, 0, 7)",186.59,191.31,20.85,54.35,33,3,48
Castello,Canggu,"(2, 1, 2)","(1, 1, 0, 7)",186.74,192.41,14.21,32.9,33,3,49
Castello,Canggu,"(1, 1, 0)","(1, 1, 0, 7)",192.84,195.83,16.61,28.22,33,3,50
Castello,Canggu,"(1, 1, 1)","(1, 1, 0, 7)",193.05,197.03,18.84,23.06,33,3,51
Castello,Canggu,"(1, 1, 2)","(1, 1, 0, 7)",194.23,199.21,19.46,39.04,33,3,52
Castello,Canggu,"(0, 1, 0)","(1, 1, 0, 7)",200.68,202.77,17.04,29.87,33,3,53
Castello,Canggu,"(0, 1, 1)","(1, 1, 0, 7)",200.28,203.41,17.43,25.34,33,3,54
Castello,Canggu,"(0, 1, 2)","(1, 1, 0, 7)",201.03,205.21,19.29,27.11,33,3,55
Castello,Canggu,"(0, 1, 2)","(0, 1, 0, 7)",253.69,257.35,37.02,47.95,33,3,56
Castello,Canggu,"(1, 1, 2)","(0, 1, 0, 7)",252.48,257.36,32.3,44.09,33,3,57
Castello,Canggu,"(2, 1, 2)","(0, 1, 0, 7)",252.74,258.83,30.61,42.37,33,3,58
Castello,Canggu,"(0, 1, 1)","(0, 1, 0, 7)",266.86,269.37,37.65,48.39,33,3,59
Castello,Canggu,"(1, 1, 1)","(0, 1, 0, 7)",268.52,272.3,36.99,47.93,33,3,60
Castello,Canggu,"(2, 1, 0)","(0, 1, 0, 7)",268.53,272.31,36.06,47.25,33,3,61
Castello,Canggu,"(2, 1, 1)","(0, 1, 0, 7)",269.36,274.39,34.33,45.89,33,3,62
Castello,Canggu,"(1, 1, 0)","(0, 1, 0, 7)",275.7,278.29,35.3,46.67,33,3,63
Castello,Canggu,"(0, 1, 0)","(0, 1, 0, 7)",278.58,279.87,42.34,51.28,33,3,64
Castello,Canggu,"(1, 1, 1)","(0, 1, 1, 7)",540.71,544.49,36.62,47.66,33,3,65
Castello,Canggu,"(1, 1, 2)","(0, 1, 1, 7)",594.54,599.0,53.89,104.61,33,3,66
Castello,Canggu,"(0, 1, 0)","(0, 1, 1, 7)",636.7,638.69,42.34,51.28,33,3,67
Castello,Canggu,"(2, 1, 1)","(0, 1, 1, 7)",659.82,664.54,42.34,51.28,33,3,68
Castello,Canggu,"(0, 1, 2)","(0, 1, 1, 7)",716.82,720.39,38.3,48.83,33,3,69
Castello,Canggu,"(1, 1, 1)","(1, 1, 1, 7)",721.79,726.51,25.71,80.7,33,3,70
Castello,Canggu,"(0, 1, 1)","(0, 1, 1, 7)",725.99,728.82,37.65,48.39,33,3,71
Castello,Canggu,"(1, 1, 0)","(0, 1, 1, 7)",757.95,760.94,35.3,46.67,33,3,72
Castello,Canggu,"(2, 1, 0)","(0, 1, 1, 7)",776.63,780.61,36.06,47.25,33,3,73
Castello,Canggu,"(1, 1, 2)","(1, 1, 1, 7)",801.74,807.08,53.89,104.61,33,3,74
Castello,Canggu,"(2, 1, 1)","(1, 1, 1, 7)",846.54,852.21,63.08,200.0,33,3,75
Castello,Canggu,"(0, 1, 0)","(1, 1, 1, 7)",884.8,887.79,29.06,84.89,33,3,76
Castello,Canggu,"(0, 1, 2)","(1, 1, 1, 7)",887.87,892.32,26.27,82.52,33,3,77
Castello,Canggu,"(0, 1, 1)","(1, 1, 1, 7)",906.45,910.23,25.93,81.51,33,3,78
Castello,Canggu,"(2, 1, 2)","(1, 1, 1, 7)",917.29,923.53,53.89,104.61,33,3,79
Castello,Canggu,"(2, 1, 0)","(1, 1, 1, 7)",933.22,937.95,25.66,80.29,33,3,80
Castello,Canggu,"(1, 1, 0)","(1, 1, 1, 7)",947.79,951.77,25.92,80.0,33,3,81
Eindra,Seminyak,"(0, 0, 2)","(0, 1, 2, 6)",127.24,130.78,6.01,6.94,33,3,1
Eindra,Seminyak,"(0, 0, 2)","(2, 1, 2, 6)",127.36,132.32,9.85,10.19,33,3,2
Eindra,Seminyak,"(1, 0, 2)","(0, 1, 2, 6)",128.66,132.91,1.49,1.53,33,3,3
Eindra,Seminyak,"(0, 0, 2)","(1, 1, 2, 6)",129.16,133.41,15.98,14.92,33,3,4
Eindra,Seminyak,"(1, 0, 2)","(2, 1, 2, 6)",127.83,133.49,11.39,10.53,33,3,5
Eindra,Seminyak,"(0, 0, 1)","(0, 1, 2, 6)",132.17,135.26,4.46,5.08,33,3,6
Eindra,Seminyak,"(1, 0, 2)","(1, 1, 2, 6)",130.53,135.49,11.46,10.67,33,3,7
Eindra,Seminyak,"(2, 0, 2)","(0, 1, 2, 6)",130.6,135.56,1.61,1.73,33,3,8
Eindra,Seminyak,"(1, 0, 1)","(0, 1, 2, 6)",133.75,137.61,4.61,5.24,33,3,9
Eindra,Seminyak,"(0, 0, 1)","(1, 1, 2, 6)",133.82,137.69,16.11,15.23,33,3,10
Eindra,Seminyak,"(2, 0, 2)","(1, 1, 2, 6)",132.34,138.0,13.75,12.46,33,3,11
Eindra,Seminyak,"(2, 0, 2)","(2, 1, 2, 6)",131.83,138.2,8.56,9.51,33,3,12
Eindra,Seminyak,"(2, 0, 0)","(2, 1, 0, 6)",135.45,139.32,10.55,9.04,33,3,13
Eindra,Seminyak,"(1, 0, 1)","(1, 1, 2, 6)",135.24,139.87,15.31,15.21,33,3,14
Eindra,Seminyak,"(2, 0, 1)","(0, 1, 2, 6)",135.74,140.37,1.22,1.17,33,3,15
Eindra,Seminyak,"(2, 0, 2)","(2, 1, 0, 6)",135.44,140.85,10.48,9.97,33,3,16
Eindra,Seminyak,"(0, 0, 1)","(2, 1, 2, 6)",136.51,141.14,12.03,12.12,33,3,17
Eindra,Seminyak,"(2, 0, 0)","(2, 1, 2, 6)",136.18,141.59,15.6,15.64,33,3,18
Eindra,Seminyak,"(2, 0, 1)","(2, 1, 0, 6)",137.22,141.85,15.52,16.74,33,3,19
Eindra,Seminyak,"(0, 0, 0)","(0, 1, 2, 6)",139.42,141.92,6.84,7.97,33,3,20
Eindra,Seminyak,"(2, 0, 0)","(2, 1, 1, 6)",137.43,142.07,12.65,11.54,33,3,21
Eindra,Seminyak,"(1, 0, 1)","(2, 1, 2, 6)",137.22,142.63,10.89,10.93,33,3,22
Eindra,Seminyak,"(2, 0, 1)","(1, 1, 2, 6)",137.76,143.16,16.96,16.38,33,3,23
Eindra,Seminyak,"(2, 0, 2)","(2, 1, 1, 6)",137.09,143.27,21.9,21.18,33,3,24
Eindra,Seminyak,"(1, 0, 0)","(0, 1, 2, 6)",140.35,143.68,5.07,5.95,33,3,25
Eindra,Seminyak,"(2, 0, 1)","(2, 1, 1, 6)",138.45,143.86,18.76,19.12,33,3,26
Eindra,Seminyak,"(1, 0, 0)","(2, 1, 0, 6)",141.25,144.58,9.6,8.41,33,3,27
Eindra,Seminyak,"(0, 0, 0)","(1, 1, 2, 6)",141.41,144.74,12.74,13.5,33,3,28
Eindra,Seminyak,"(1, 0, 0)","(1, 1, 2, 6)",141.31,145.48,10.92,11.5,33,3,29
Eindra,Seminyak,"(2, 0, 1)","(2, 1, 2, 6)",139.76,145.94,10.0,11.1,33,3,30
Eindra,Seminyak,"(2, 0, 0)","(0, 1, 2, 6)",142.3,146.47,5.14,6.03,33,3,31
Eindra,Seminyak,"(0, 0, 0)","(2, 1, 2, 6)",142.57,146.73,12.76,13.51,33,3,32
Eindra,Seminyak,"(1, 0, 0)","(2, 1, 1, 6)",142.74,146.91,7.6,7.53,33,3,33
Eindra,Seminyak,"(1, 0, 1)","(2, 1, 0, 6)",143.07,147.24,9.67,8.35,33,3,34
Eindra,Seminyak,"(1, 0, 0)","(2, 1, 2, 6)",143.31,148.31,10.92,11.5,33,3,35
Eindra,Seminyak,"(2, 0, 0)","(1, 1, 2, 6)",143.31,148.31,14.88,14.04,33,3,36
Eindra,Seminyak,"(1, 0, 1)","(2, 1, 1, 6)",144.52,149.51,8.73,8.1,33,3,37
Eindra,Seminyak,"(0, 0, 0)","(2, 1, 0, 6)",147.1,149.77,10.69,9.91,33,3,38
Eindra,Seminyak,"(1, 0, 2)","(2, 1, 0, 6)",145.07,150.07,10.02,8.78,33,3,39
Eindra,Seminyak,"(0, 0, 1)","(2, 1, 0, 6)",148.28,151.84,10.7,8.9,33,3,40
Eindra,Seminyak,"(0, 0, 0)","(2, 1, 1, 6)",148.77,152.33,10.18,9.6,33,3,41
Eindra,Seminyak,"(1, 0, 2)","(2, 1, 1, 6)",146.67,152.51,9.04,8.37,33,3,42
Eindra,Seminyak,"(0, 0, 1)","(2, 1, 1, 6)",149.19,153.64,8.48,9.36,33,3,43
Eindra,Seminyak,"(0, 0, 2)","(2, 1, 0, 6)",150.19,154.64,11.78,10.22,33,3,44
Eindra,Seminyak,"(0, 0, 2)","(2, 1, 1, 6)",151.71,157.05,9.06,9.82,33,3,45
Eindra,Seminyak,"(0, 0, 2)","(0, 1, 1, 6)",170.81,174.99,11.64,11.38,33,3,46
Eindra,Seminyak,"(1, 0, 2)","(0, 1, 1, 6)",170.42,175.64,10.75,9.84,33,3,47
Eindra,Seminyak,"(2, 0, 2)","(0, 1, 1, 6)",170.17,176.44,9.62,7.99,33,3,48
Eindra,Seminyak,"(0, 0, 2)","(1, 1, 1, 6)",171.4,176.62,8.94,9.07,33,3,49
Eindra,Seminyak,"(0, 0, 1)","(0, 1, 1, 6)",175.67,178.94,11.19,10.97,33,3,50
Eindra,Seminyak,"(1, 0, 2)","(1, 1, 1, 6)",173.34,179.61,13.91,11.01,33,3,51
Eindra,Seminyak,"(1, 0, 1)","(0, 1, 1, 6)",175.61,179.97,10.79,9.83,33,3,52
Eindra,Seminyak,"(2, 0, 2)","(1, 1, 1, 6)",175.1,182.41,14.93,12.9,33,3,53
Eindra,Seminyak,"(2, 0, 0)","(1, 1, 0, 6)",178.38,182.75,8.66,9.5,33,3,54
Eindra,Seminyak,"(0, 0, 1)","(1, 1, 1, 6)",178.44,182.81,11.04,10.4,33,3,55
Eindra,Seminyak,"(2, 0, 1)","(0, 1, 1, 6)",178.3,183.76,9.76,8.45,33,3,56
Eindra,Seminyak,"(0, 0, 0)","(0, 1, 1, 6)",183.17,185.45,8.03,9.15,33,3,57
Eindra,Seminyak,"(2, 0, 0)","(1, 1, 1, 6)",180.16,185.62,10.76,10.13,33,3,58
Eindra,Seminyak,"(2, 0, 1)","(1, 1, 0, 6)",180.23,185.69,13.52,14.99,33,3,59
Eindra,Seminyak,"(1, 0, 1)","(1, 1, 1, 6)",180.33,185.78,14.44,11.7,33,3,60
Eindra,Seminyak,"(2, 0, 2)","(1, 1, 0, 6)",180.06,186.6,10.24,10.31,33,3,61
Eindra,Seminyak,"(0, 0, 0)","(1, 1, 1, 6)",183.42,186.82,10.75,10.3,33,3,62
Eindra,Seminyak,"(1, 0, 0)","(1, 1, 0, 6)",183.83,187.23,7.34,8.78,33,3,63
Eindra,Seminyak,"(2, 0, 0)","(0, 1, 1, 6)",183.63,188.17,10.71,9.57,33,3,64
Eindra,Seminyak,"(1, 0, 0)","(0, 1, 1, 6)",185.13,188.53,8.42,9.82,33,3,65
Eindra,Seminyak,"(2, 0, 1)","(1, 1, 1, 6)",182.06,188.6,13.9,11.09,33,3,66
Eindra,Seminyak,"(1, 0, 0)","(1, 1, 1, 6)",185.38,189.92,10.79,10.37,33,3,67
Eindra,Seminyak,"(1, 0, 1)","(1, 1, 0, 6)",185.63,190.17,7.37,8.82,33,3,68
Eindra,Seminyak,"(0, 0, 0)","(1, 1, 0, 6)",188.71,191.07,7.51,8.97,33,3,69
Eindra,Seminyak,"(1, 0, 2)","(1, 1, 0, 6)",186.66,192.34,8.25,8.26,33,3,70
Eindra,Seminyak,"(0, 0, 1)","(1, 1, 0, 6)",190.63,194.16,7.41,8.82,33,3,71
Eindra,Seminyak,"(0, 0, 2)","(1, 1, 0, 6)",192.53,197.25,7.28,8.72,33,3,72
Eindra,Seminyak,"(0, 0, 2)","(0, 1, 0, 6)",224.92,228.8,12.84,14.68,33,3,73
Eindra,Seminyak,"(1, 0, 2)","(0, 1, 0, 6)",224.83,230.01,10.46,12.55,33,3,74
Eindra,Seminyak,"(2, 0, 2)","(0, 1, 0, 6)",226.12,232.6,10.21,11.69,33,3,75
Eindra,Seminyak,"(0, 0, 1)","(0, 1, 0, 6)",233.8,236.46,11.07,11.61,33,3,76
Eindra,Seminyak,"(2, 0, 0)","(0, 1, 0, 6)",234.69,238.69,11.92,13.22,33,3,77
Eindra,Seminyak,"(1, 0, 1)","(0, 1, 0, 6)",234.87,238.87,12.16,13.28,33,3,78
Eindra,Seminyak,"(2, 0, 1)","(0, 1, 0, 6)",236.16,241.49,11.7,13.42,33,3,79
Eindra,Seminyak,"(1, 0, 0)","(0, 1, 0, 6)",248.6,251.34,13.9,14.68,33,3,80
Eindra,Seminyak,"(0, 0, 0)","(0, 1, 0, 6)",251.51,252.88,8.06,8.86,33,3,81
Elina,Canggu,"(2, 1, 1)","(2, 1, 0, 4)",199.09,205.36,54.19,95.12,33,3,1
Elina,Canggu,"(2, 1, 2)","(2, 1, 0, 4)",199.99,207.3,53.97,91.91,33,3,2
Elina,Canggu,"(2, 1, 1)","(2, 1, 1, 4)",200.97,208.28,57.25,134.25,33,3,3
Elina,Canggu,"(2, 1, 0)","(2, 1, 0, 4)",204.92,210.14,53.74,88.51,33,3,4
Elina,Canggu,"(2, 1, 2)","(2, 1, 1, 4)",203.38,211.74,57.82,136.37,33,3,5
Elina,Canggu,"(2, 1, 0)","(2, 1, 1, 4)",206.92,213.19,55.26,110.92,33,3,6
Elina,Canggu,"(1, 1, 2)","(2, 1, 0, 4)",208.88,215.43,17.91,55.54,33,3,7
Elina,Canggu,"(1, 1, 1)","(2, 1, 0, 4)",211.62,217.07,27.6,79.24,33,3,8
Elina,Canggu,"(1, 1, 2)","(2, 1, 1, 4)",210.87,218.5,48.38,134.83,33,3,9
Elina,Canggu,"(1, 1, 1)","(2, 1, 1, 4)",213.47,220.02,46.31,130.63,33,3,10
Elina,Canggu,"(0, 1, 2)","(2, 1, 0, 4)",216.29,221.97,39.48,82.62,33,3,11
Elina,Canggu,"(0, 1, 2)","(2, 1, 1, 4)",218.28,225.09,48.39,133.98,33,3,12
Elina,Canggu,"(0, 1, 1)","(2, 1, 0, 4)",221.12,225.67,18.01,49.47,33,3,13
Elina,Canggu,"(0, 1, 2)","(0, 1, 1, 4)",223.48,228.19,36.18,65.42,33,3,14
Elina,Canggu,"(0, 1, 1)","(2, 1, 1, 4)",222.81,228.48,35.43,105.39,33,3,15
Elina,Canggu,"(1, 1, 0)","(2, 1, 0, 4)",224.18,228.55,19.5,45.92,33,3,16
Elina,Canggu,"(1, 1, 0)","(2, 1, 1, 4)",224.72,230.17,47.55,129.42,33,3,17
Elina,Canggu,"(1, 1, 2)","(0, 1, 1, 4)",224.71,230.6,15.42,51.01,33,3,18
Elina,Canggu,"(2, 1, 2)","(0, 1, 1, 4)",224.27,231.33,18.68,56.13,33,3,19
Elina,Canggu,"(0, 1, 2)","(1, 1, 1, 4)",225.48,231.37,36.18,65.42,33,3,20
Elina,Canggu,"(1, 1, 2)","(1, 1, 1, 4)",226.71,233.77,17.33,52.39,33,3,21
Elina,Canggu,"(2, 1, 2)","(1, 1, 1, 4)",226.26,234.51,18.68,56.12,33,3,22
Elina,Canggu,"(2, 1, 1)","(0, 1, 1, 4)",230.87,236.97,19.84,50.26,33,3,23
Elina,Canggu,"(0, 1, 1)","(0, 1, 1, 4)",233.62,237.28,18.01,53.56,33,3,24
Elina,Canggu,"(1, 1, 1)","(0, 1, 1, 4)",234.1,238.98,18.52,54.35,33,3,25
Elina,Canggu,"(2, 1, 1)","(1, 1, 1, 4)",232.87,240.18,19.84,50.27,33,3,26
Elina,Canggu,"(0, 1, 1)","(1, 1, 1, 4)",235.62,240.5,18.01,53.56,33,3,27
Elina,Canggu,"(0, 1, 0)","(2, 1, 0, 4)",238.08,241.48,18.49,60.0,33,3,28
Elina,Canggu,"(1, 1, 1)","(1, 1, 1, 4)",236.1,242.19,18.52,54.35,33,3,29
Elina,Canggu,"(0, 1, 0)","(2, 1, 1, 4)",238.24,242.78,27.55,83.5,33,3,30
Elina,Canggu,"(2, 1, 0)","(1, 1, 1, 4)",237.72,243.81,27.28,57.84,33,3,31
Elina,Canggu,"(2, 1, 1)","(1, 1, 0, 4)",238.33,244.43,24.42,62.25,33,3,32
Elina,Canggu,"(2, 1, 2)","(1, 1, 0, 4)",238.24,245.56,25.3,71.21,33,3,33
Elina,Canggu,"(2, 1, 0)","(1, 1, 0, 4)",240.78,245.65,30.85,75.19,33,3,34
Elina,Canggu,"(2, 1, 0)","(0, 1, 1, 4)",244.26,249.29,27.49,58.77,33,3,35
Elina,Canggu,"(1, 1, 1)","(1, 1, 0, 4)",248.47,253.5,20.3,52.9,33,3,36
Elina,Canggu,"(1, 1, 2)","(1, 1, 0, 4)",250.66,256.95,22.31,57.12,33,3,37
Elina,Canggu,"(1, 1, 0)","(0, 1, 1, 4)",256.17,259.94,20.37,56.92,33,3,38
Elina,Canggu,"(0, 1, 1)","(1, 1, 0, 4)",256.84,260.72,21.76,55.75,33,3,39
Elina,Canggu,"(0, 1, 2)","(1, 1, 0, 4)",256.45,261.63,19.9,51.95,33,3,40
Elina,Canggu,"(0, 1, 0)","(0, 1, 1, 4)",259.87,262.39,16.13,51.47,33,3,41
Elina,Canggu,"(1, 1, 0)","(1, 1, 1, 4)",258.15,263.18,20.33,56.86,33,3,42
Elina,Canggu,"(1, 1, 0)","(1, 1, 0, 4)",261.42,265.2,18.83,48.28,33,3,43
Elina,Canggu,"(0, 1, 0)","(1, 1, 1, 4)",261.87,265.65,16.14,51.49,33,3,44
Elina,Canggu,"(0, 1, 2)","(0, 1, 0, 4)",264.21,268.21,16.9,54.95,33,3,45
Elina,Canggu,"(2, 1, 2)","(0, 1, 0, 4)",261.66,268.32,25.2,65.76,33,3,46
Elina,Canggu,"(1, 1, 2)","(0, 1, 0, 4)",267.91,273.24,19.59,58.36,33,3,47
Elina,Canggu,"(0, 1, 1)","(0, 1, 0, 4)",274.3,277.03,17.33,55.73,33,3,48
Elina,Canggu,"(1, 1, 1)","(0, 1, 0, 4)",273.58,277.68,16.28,53.86,33,3,49
Elina,Canggu,"(0, 1, 0)","(1, 1, 0, 4)",275.14,277.73,24.66,59.53,33,3,50
Elina,Canggu,"(2, 1, 0)","(0, 1, 0, 4)",274.73,278.84,33.96,80.12,33,3,51
Elina,Canggu,"(2, 1, 1)","(0, 1, 0, 4)",273.93,279.4,24.85,61.59,33,3,52
Elina,Canggu,"(1, 1, 0)","(0, 1, 0, 4)",297.26,300.06,6.89,26.06,33,3,53
Elina,Canggu,"(0, 1, 0)","(0, 1, 0, 4)",306.74,308.14,25.89,71.02,33,3,54
Elina,Canggu,"(1, 1, 2)","(1, 1, 2, 4)",549.67,556.64,17.73,44.41,33,3,55
Elina,Canggu,"(1, 1, 2)","(0, 1, 2, 4)",632.97,638.94,32.82,200.0,33,3,56
Elina,Canggu,"(2, 1, 2)","(2, 1, 2, 4)",656.29,665.26,26.4,56.81,33,3,57
Elina,Canggu,"(2, 1, 2)","(1, 1, 2, 4)",670.5,678.46,27.46,58.07,33,3,58
Elina,Canggu,"(2, 1, 0)","(2, 1, 2, 4)",680.09,687.4,56.62,130.94,33,3,59
Elina,Canggu,"(2, 1, 2)","(0, 1, 2, 4)",729.19,736.16,49.89,124.77,33,3,60
Elina,Canggu,"(2, 1, 0)","(1, 1, 2, 4)",735.48,742.03,32.22,53.81,33,3,61
Elina,Canggu,"(2, 1, 1)","(2, 1, 2, 4)",759.44,767.8,57.28,134.39,33,3,62
Elina,Canggu,"(0, 1, 0)","(2, 1, 2, 4)",772.03,777.49,17.77,49.79,33,3,63
Elina,Canggu,"(0, 1, 2)","(2, 1, 2, 4)",774.99,781.96,49.57,134.76,33,3,64
Elina,Canggu,"(1, 1, 2)","(2, 1, 2, 4)",782.63,790.6,17.72,44.36,33,3,65
Elina,Canggu,"(0, 1, 2)","(1, 1, 2, 4)",792.7,798.67,36.1,64.12,33,3,66
Elina,Canggu,"(2, 1, 0)","(0, 1, 2, 4)",801.66,807.11,32.82,200.0,33,3,67
Elina,Canggu,"(0, 1, 1)","(2, 1, 2, 4)",819.22,825.49,18.15,44.99,33,3,68
Elina,Canggu,"(0, 1, 2)","(0, 1, 2, 4)",824.13,829.11,45.22,165.08,33,3,69
Elina,Canggu,"(1, 1, 1)","(2, 1, 2, 4)",833.7,841.01,52.23,134.97,33,3,70
Elina,Canggu,"(1, 1, 1)","(1, 1, 2, 4)",844.67,850.94,17.62,43.58,33,3,71
Elina,Canggu,"(2, 1, 1)","(1, 1, 2, 4)",846.67,853.99,19.52,50.66,33,3,72
Elina,Canggu,"(0, 1, 0)","(1, 1, 2, 4)",871.46,875.83,16.57,52.89,33,3,73
Elina,Canggu,"(0, 1, 1)","(1, 1, 2, 4)",875.05,880.27,17.46,45.88,33,3,74
Elina,Canggu,"(1, 1, 1)","(0, 1, 2, 4)",905.66,910.89,68.8,153.31,33,3,75
Elina,Canggu,"(2, 1, 1)","(0, 1, 2, 4)",907.66,913.93,68.8,153.31,33,3,76
Elina,Canggu,"(0, 1, 1)","(0, 1, 2, 4)",935.98,940.16,71.95,113.0,33,3,77
Elina,Canggu,"(1, 1, 0)","(2, 1, 2, 4)",967.84,974.38,55.48,134.71,33,3,78
Elina,Canggu,"(1, 1, 0)","(1, 1, 2, 4)",976.79,982.24,19.48,46.1,33,3,79
Elina,Canggu,"(1, 1, 0)","(0, 1, 2, 4)",1040.38,1044.74,32.82,200.0,33,3,80
Elina,Canggu,"(0, 1, 0)","(0, 1, 2, 4)",1053.18,1056.46,32.82,200.0,33,3,81
Esha,Seminyak,"(2, 0, 1)","(2, 1, 0, 4)",184.92,191.47,9.48,10.83,33,3,1
Esha,Seminyak,"(2, 0, 0)","(2, 1, 0, 4)",187.66,193.12,6.64,8.01,33,3,2
Esha,Seminyak,"(2, 0, 1)","(2, 1, 1, 4)",186.21,193.85,9.21,11.55,33,3,3
Esha,Seminyak,"(2, 0, 2)","(2, 1, 1, 4)",186.07,194.8,12.6,12.32,33,3,4
Esha,Seminyak,"(2, 0, 0)","(2, 1, 1, 4)",188.83,195.37,8.61,9.56,33,3,5
Esha,Seminyak,"(1, 0, 0)","(2, 1, 0, 4)",193.31,197.85,6.69,8.43,33,3,6
Esha,Seminyak,"(1, 0, 1)","(2, 1, 0, 4)",192.83,198.51,9.02,9.43,33,3,7
Esha,Seminyak,"(1, 0, 2)","(2, 1, 0, 4)",192.52,199.34,7.45,8.8,33,3,8
Esha,Seminyak,"(2, 0, 2)","(2, 1, 0, 4)",191.9,199.54,14.56,15.99,33,3,9
Esha,Seminyak,"(1, 0, 0)","(2, 1, 1, 4)",194.26,199.94,9.05,10.4,33,3,10
Esha,Seminyak,"(1, 0, 1)","(2, 1, 1, 4)",193.54,200.35,11.53,12.34,33,3,11
Esha,Seminyak,"(1, 0, 2)","(2, 1, 1, 4)",193.93,201.88,9.46,10.64,33,3,12
Esha,Seminyak,"(0, 0, 0)","(2, 1, 0, 4)",198.92,202.46,7.69,9.86,33,3,13
Esha,Seminyak,"(0, 0, 0)","(2, 1, 1, 4)",199.53,204.25,7.13,7.92,33,3,14
Esha,Seminyak,"(0, 0, 1)","(2, 1, 0, 4)",200.77,205.48,7.4,9.44,33,3,15
Esha,Seminyak,"(0, 0, 2)","(2, 1, 0, 4)",200.4,206.29,9.8,11.95,33,3,16
Esha,Seminyak,"(0, 0, 1)","(2, 1, 1, 4)",201.48,207.37,9.22,10.48,33,3,17
Esha,Seminyak,"(0, 0, 2)","(2, 1, 1, 4)",200.97,208.03,10.81,12.18,33,3,18
Esha,Seminyak,"(0, 0, 2)","(0, 1, 1, 4)",213.37,218.25,15.25,18.09,33,3,19
Esha,Seminyak,"(2, 0, 2)","(0, 1, 1, 4)",212.7,220.01,10.08,13.11,33,3,20
Esha,Seminyak,"(1, 0, 2)","(0, 1, 1, 4)",214.32,220.42,16.32,17.25,33,3,21
Esha,Seminyak,"(0, 0, 2)","(1, 1, 1, 4)",215.22,221.31,15.01,17.69,33,3,22
Esha,Seminyak,"(2, 0, 2)","(1, 1, 1, 4)",214.67,223.21,17.5,19.63,33,3,23
Esha,Seminyak,"(1, 0, 2)","(1, 1, 1, 4)",216.3,223.61,16.37,17.28,33,3,24
Esha,Seminyak,"(0, 0, 1)","(0, 1, 1, 4)",222.18,225.95,14.21,17.48,33,3,25
Esha,Seminyak,"(1, 0, 1)","(0, 1, 1, 4)",223.02,228.06,15.93,15.86,33,3,26
Esha,Seminyak,"(0, 0, 1)","(1, 1, 1, 4)",223.96,228.99,14.44,17.27,33,3,27
Esha,Seminyak,"(2, 0, 1)","(0, 1, 1, 4)",224.86,231.15,16.29,16.42,33,3,28
Esha,Seminyak,"(1, 0, 1)","(1, 1, 1, 4)",225.02,231.31,15.97,15.91,33,3,29
Esha,Seminyak,"(0, 0, 0)","(0, 1, 1, 4)",229.04,231.64,15.11,19.54,33,3,30
Esha,Seminyak,"(2, 0, 0)","(1, 1, 1, 4)",225.44,231.73,13.7,17.13,33,3,31
Esha,Seminyak,"(1, 0, 0)","(0, 1, 1, 4)",229.97,233.85,14.86,19.08,33,3,32
Esha,Seminyak,"(2, 0, 0)","(1, 1, 0, 4)",229.22,234.25,6.32,7.88,33,3,33
Esha,Seminyak,"(2, 0, 1)","(1, 1, 1, 4)",226.86,234.41,16.33,16.46,33,3,34
Esha,Seminyak,"(0, 0, 0)","(1, 1, 1, 4)",231.03,234.92,15.16,19.58,33,3,35
Esha,Seminyak,"(2, 0, 1)","(1, 1, 0, 4)",230.19,236.48,4.13,5.0,33,3,36
Esha,Seminyak,"(1, 0, 0)","(1, 1, 1, 4)",231.57,236.76,14.24,17.83,33,3,37
Esha,Seminyak,"(2, 0, 0)","(0, 1, 1, 4)",231.57,236.76,14.5,18.43,33,3,38
Esha,Seminyak,"(2, 0, 2)","(1, 1, 0, 4)",229.3,236.85,11.68,12.76,33,3,39
Esha,Seminyak,"(1, 0, 0)","(1, 1, 0, 4)",236.33,240.22,5.36,6.27,33,3,40
Esha,Seminyak,"(1, 0, 1)","(1, 1, 0, 4)",236.85,242.03,4.52,4.91,33,3,41
Esha,Seminyak,"(1, 0, 2)","(1, 1, 0, 4)",236.81,243.29,5.7,6.0,33,3,42
Esha,Seminyak,"(0, 0, 0)","(1, 1, 0, 4)",245.34,248.01,6.93,9.27,33,3,43
Esha,Seminyak,"(0, 0, 1)","(1, 1, 0, 4)",246.53,250.52,5.82,7.39,33,3,44
Esha,Seminyak,"(0, 0, 2)","(1, 1, 0, 4)",247.28,252.61,8.21,10.25,33,3,45
Esha,Seminyak,"(0, 0, 2)","(0, 1, 0, 4)",258.06,262.17,11.04,14.75,33,3,46
Esha,Seminyak,"(1, 0, 2)","(0, 1, 0, 4)",259.54,265.01,8.83,10.63,33,3,47
Esha,Seminyak,"(2, 0, 2)","(0, 1, 0, 4)",261.08,267.92,13.66,15.03,33,3,48
Esha,Seminyak,"(0, 0, 1)","(0, 1, 0, 4)",267.39,270.2,9.55,11.32,33,3,49
Esha,Seminyak,"(2, 0, 0)","(0, 1, 0, 4)",267.58,271.78,9.17,10.43,33,3,50
Esha,Seminyak,"(1, 0, 1)","(0, 1, 0, 4)",268.51,272.72,9.11,11.15,33,3,51
Esha,Seminyak,"(2, 0, 1)","(0, 1, 0, 4)",269.56,275.16,9.24,10.59,33,3,52
Esha,Seminyak,"(0, 0, 0)","(0, 1, 0, 4)",275.63,277.06,9.44,10.5,33,3,53
Esha,Seminyak,"(1, 0, 0)","(0, 1, 0, 4)",276.69,279.56,9.64,11.79,33,3,54
Esha,Seminyak,"(2, 0, 0)","(1, 1, 2, 4)",543.99,550.8,26.91,31.96,33,3,55
Esha,Seminyak,"(2, 0, 0)","(0, 1, 2, 4)",620.53,626.21,7.84,10.47,33,3,56
Esha,Seminyak,"(0, 0, 0)","(0, 1, 2, 4)",695.52,698.93,8.69,11.27,33,3,57
Esha,Seminyak,"(2, 0, 2)","(1, 1, 2, 4)",732.3,740.66,22.01,23.31,33,3,58
Esha,Seminyak,"(1, 0, 2)","(1, 1, 2, 4)",735.81,743.12,22.01,23.31,33,3,59
Esha,Seminyak,"(2, 0, 1)","(1, 1, 2, 4)",738.14,745.78,26.86,31.89,33,3,60
Esha,Seminyak,"(0, 0, 0)","(2, 1, 2, 4)",754.34,760.02,12.44,15.05,33,3,61
Esha,Seminyak,"(0, 0, 1)","(1, 1, 2, 4)",769.51,774.97,25.79,30.11,33,3,62
Esha,Seminyak,"(0, 0, 2)","(1, 1, 2, 4)",774.33,780.59,28.12,34.03,33,3,63
Esha,Seminyak,"(1, 0, 2)","(2, 1, 2, 4)",777.23,785.58,22.01,23.31,33,3,64
Esha,Seminyak,"(2, 0, 2)","(2, 1, 2, 4)",778.06,787.46,22.01,23.31,33,3,65
Esha,Seminyak,"(1, 0, 2)","(0, 1, 2, 4)",787.56,793.82,22.01,23.31,33,3,66
Esha,Seminyak,"(2, 0, 2)","(0, 1, 2, 4)",788.33,795.64,22.01,23.31,33,3,67
Esha,Seminyak,"(2, 0, 0)","(2, 1, 2, 4)",799.32,806.96,13.69,16.66,33,3,68
Esha,Seminyak,"(0, 0, 0)","(1, 1, 2, 4)",802.71,807.25,25.85,30.25,33,3,69
Esha,Seminyak,"(1, 0, 0)","(1, 1, 2, 4)",812.47,818.15,25.87,30.29,33,3,70
Esha,Seminyak,"(2, 0, 1)","(2, 1, 2, 4)",812.58,821.31,13.5,15.46,33,3,71
Esha,Seminyak,"(2, 0, 1)","(0, 1, 2, 4)",823.26,829.81,9.99,13.34,33,3,72
Esha,Seminyak,"(0, 0, 1)","(2, 1, 2, 4)",824.9,831.45,12.31,14.51,33,3,73
Esha,Seminyak,"(0, 0, 1)","(0, 1, 2, 4)",836.29,840.65,8.23,10.37,33,3,74
Esha,Seminyak,"(0, 0, 2)","(2, 1, 2, 4)",837.01,844.33,14.85,17.34,33,3,75
Esha,Seminyak,"(1, 0, 1)","(1, 1, 2, 4)",842.86,849.4,25.92,30.35,33,3,76
Esha,Seminyak,"(0, 0, 2)","(0, 1, 2, 4)",846.87,852.09,9.78,12.95,33,3,77
Esha,Seminyak,"(1, 0, 0)","(2, 1, 2, 4)",870.18,876.99,12.5,14.54,33,3,78
Esha,Seminyak,"(1, 0, 0)","(0, 1, 2, 4)",881.38,885.92,7.88,9.89,33,3,79
Esha,Seminyak,"(1, 0, 1)","(2, 1, 2, 4)",939.67,947.31,12.46,15.14,33,3,80
Esha,Seminyak,"(1, 0, 1)","(0, 1, 2, 4)",950.26,955.71,7.58,9.6,33,3,81
Isola,Canggu,"(0, 1, 2)","(1, 1, 2, 5)",160.5,165.5,17.51,19.24,33,3,1
Isola,Canggu,"(0, 1, 2)","(0, 1, 2, 5)",162.81,166.97,22.43,27.12,33,3,2
Isola,Canggu,"(0, 1, 2)","(2, 1, 2, 5)",161.22,167.05,17.41,18.5,33,3,3
Isola,Canggu,"(2, 1, 2)","(1, 1, 2, 5)",162.8,169.46,18.61,21.01,33,3,4
Isola,Canggu,"(1, 1, 2)","(0, 1, 2, 5)",165.32,170.32,25.51,29.1,33,3,5
Isola,Canggu,"(1, 1, 2)","(2, 1, 2, 5)",164.05,170.72,16.43,20.69,33,3,6
Isola,Canggu,"(2, 1, 2)","(2, 1, 2, 5)",164.07,171.57,19.7,21.7,33,3,7
Isola,Canggu,"(2, 1, 2)","(0, 1, 2, 5)",167.28,173.12,26.77,33.93,33,3,8
Isola,Canggu,"(1, 1, 2)","(1, 1, 2, 5)",167.31,173.14,23.64,27.66,33,3,9
Isola,Canggu,"(0, 1, 1)","(0, 1, 2, 5)",169.63,173.19,22.98,26.77,33,3,10
Isola,Canggu,"(0, 1, 1)","(2, 1, 2, 5)",168.18,173.52,14.6,17.04,33,3,11
Isola,Canggu,"(2, 1, 0)","(2, 1, 1, 5)",169.02,174.36,16.66,16.59,33,3,12
Isola,Canggu,"(2, 1, 1)","(2, 1, 1, 5)",169.47,175.7,14.95,15.82,33,3,13
Isola,Canggu,"(1, 1, 1)","(2, 1, 2, 5)",169.69,175.92,13.97,15.62,33,3,14
Isola,Canggu,"(0, 1, 1)","(1, 1, 2, 5)",171.57,176.03,21.87,26.37,33,3,15
Isola,Canggu,"(1, 1, 1)","(0, 1, 2, 5)",171.62,176.07,22.98,26.7,33,3,16
Isola,Canggu,"(2, 1, 0)","(2, 1, 0, 5)",171.82,176.27,26.94,32.89,33,3,17
Isola,Canggu,"(2, 1, 1)","(2, 1, 0, 5)",171.63,176.97,25.23,32.82,33,3,18
Isola,Canggu,"(2, 1, 0)","(2, 1, 2, 5)",170.88,177.11,19.16,19.67,33,3,19
Isola,Canggu,"(2, 1, 2)","(2, 1, 0, 5)",171.71,177.94,24.91,26.01,33,3,20
Isola,Canggu,"(2, 1, 2)","(2, 1, 1, 5)",171.06,178.19,19.41,18.82,33,3,21
Isola,Canggu,"(2, 1, 1)","(2, 1, 2, 5)",171.36,178.48,13.91,13.59,33,3,22
Isola,Canggu,"(2, 1, 1)","(0, 1, 2, 5)",173.41,178.76,36.48,48.78,33,3,23
Isola,Canggu,"(1, 1, 1)","(1, 1, 2, 5)",173.52,178.86,22.06,28.33,33,3,24
Isola,Canggu,"(2, 1, 1)","(1, 1, 2, 5)",175.39,181.63,36.46,48.75,33,3,25
Isola,Canggu,"(1, 1, 0)","(2, 1, 1, 5)",176.97,181.69,22.71,27.06,33,3,26
Isola,Canggu,"(1, 1, 1)","(2, 1, 1, 5)",176.24,181.91,13.8,16.93,33,3,27
Isola,Canggu,"(1, 1, 1)","(2, 1, 0, 5)",178.93,183.65,21.25,25.61,33,3,28
Isola,Canggu,"(1, 1, 0)","(2, 1, 2, 5)",178.35,184.01,25.09,27.71,33,3,29
Isola,Canggu,"(0, 1, 0)","(2, 1, 2, 5)",179.36,184.08,23.06,28.44,33,3,30
Isola,Canggu,"(1, 1, 2)","(2, 1, 1, 5)",177.79,184.4,13.81,16.92,33,3,31
Isola,Canggu,"(1, 1, 0)","(2, 1, 0, 5)",181.27,185.05,32.44,44.19,33,3,32
Isola,Canggu,"(1, 1, 0)","(0, 1, 2, 5)",182.21,185.99,44.12,68.8,33,3,33
Isola,Canggu,"(1, 1, 2)","(2, 1, 0, 5)",180.36,186.03,25.02,27.09,33,3,34
Isola,Canggu,"(0, 1, 0)","(0, 1, 2, 5)",183.53,186.36,40.2,58.09,33,3,35
Isola,Canggu,"(2, 1, 0)","(0, 1, 2, 5)",182.47,187.19,44.31,69.34,33,3,36
Isola,Canggu,"(1, 1, 0)","(1, 1, 2, 5)",183.76,188.49,44.09,68.72,33,3,37
Isola,Canggu,"(0, 1, 1)","(2, 1, 1, 5)",183.65,188.63,12.85,15.72,33,3,38
Isola,Canggu,"(0, 1, 0)","(1, 1, 2, 5)",185.48,189.26,40.85,58.9,33,3,39
Isola,Canggu,"(2, 1, 0)","(1, 1, 2, 5)",183.68,189.35,44.29,69.29,33,3,40
Isola,Canggu,"(0, 1, 1)","(2, 1, 0, 5)",185.8,189.78,19.54,21.73,33,3,41
Isola,Canggu,"(0, 1, 0)","(2, 1, 1, 5)",187.94,191.92,21.07,26.12,33,3,42
Isola,Canggu,"(0, 1, 2)","(2, 1, 0, 5)",187.66,192.64,19.93,23.22,33,3,43
Isola,Canggu,"(0, 1, 2)","(2, 1, 1, 5)",187.64,193.62,13.45,16.46,33,3,44
Isola,Canggu,"(0, 1, 0)","(2, 1, 0, 5)",191.67,194.65,33.48,48.23,33,3,45
Isola,Canggu,"(0, 1, 2)","(0, 1, 1, 5)",203.83,208.19,17.11,19.91,33,3,46
Isola,Canggu,"(1, 1, 2)","(0, 1, 1, 5)",204.43,209.89,16.06,18.22,33,3,47
Isola,Canggu,"(2, 1, 2)","(0, 1, 1, 5)",204.69,211.23,10.81,13.6,33,3,48
Isola,Canggu,"(0, 1, 2)","(1, 1, 1, 5)",205.83,211.28,23.11,26.69,33,3,49
Isola,Canggu,"(0, 1, 1)","(0, 1, 1, 5)",208.68,212.09,14.21,15.67,33,3,50
Isola,Canggu,"(1, 1, 2)","(1, 1, 1, 5)",206.43,212.98,16.06,18.22,33,3,51
Isola,Canggu,"(2, 1, 2)","(1, 1, 1, 5)",206.69,214.32,10.81,13.6,33,3,52
Isola,Canggu,"(1, 1, 1)","(0, 1, 1, 5)",210.39,214.93,13.16,14.45,33,3,53
Isola,Canggu,"(0, 1, 1)","(1, 1, 1, 5)",210.68,215.23,14.21,15.67,33,3,54
Isola,Canggu,"(2, 1, 1)","(0, 1, 1, 5)",211.9,217.57,11.2,12.93,33,3,55
Isola,Canggu,"(1, 1, 1)","(1, 1, 1, 5)",212.39,218.07,13.16,14.45,33,3,56
Isola,Canggu,"(2, 1, 0)","(1, 1, 1, 5)",213.41,219.09,27.29,31.23,33,3,57
Isola,Canggu,"(2, 1, 0)","(1, 1, 0, 5)",215.77,220.31,23.55,26.87,33,3,58
Isola,Canggu,"(2, 1, 1)","(1, 1, 0, 5)",215.04,220.72,22.55,26.15,33,3,59
Isola,Canggu,"(2, 1, 1)","(1, 1, 1, 5)",214.38,221.19,13.13,14.39,33,3,60
Isola,Canggu,"(1, 1, 0)","(0, 1, 1, 5)",219.83,223.36,19.56,23.5,33,3,61
Isola,Canggu,"(2, 1, 0)","(0, 1, 1, 5)",219.61,224.32,15.08,17.64,33,3,62
Isola,Canggu,"(2, 1, 2)","(1, 1, 0, 5)",217.78,224.6,19.61,22.6,33,3,63
Isola,Canggu,"(0, 1, 0)","(0, 1, 1, 5)",222.8,225.16,27.64,35.93,33,3,64
Isola,Canggu,"(1, 1, 0)","(1, 1, 1, 5)",221.83,226.54,30.15,37.95,33,3,65
Isola,Canggu,"(1, 1, 1)","(1, 1, 0, 5)",221.99,226.7,19.62,22.51,33,3,66
Isola,Canggu,"(1, 1, 0)","(1, 1, 0, 5)",224.65,228.18,26.78,31.73,33,3,67
Isola,Canggu,"(0, 1, 0)","(1, 1, 1, 5)",224.8,228.33,27.63,35.91,33,3,68
Isola,Canggu,"(1, 1, 2)","(1, 1, 0, 5)",223.08,228.97,17.69,20.54,33,3,69
Isola,Canggu,"(0, 1, 1)","(1, 1, 0, 5)",229.21,232.87,19.42,22.49,33,3,70
Isola,Canggu,"(0, 1, 2)","(1, 1, 0, 5)",230.93,235.8,19.34,22.43,33,3,71
Isola,Canggu,"(0, 1, 0)","(1, 1, 0, 5)",237.12,239.55,33.83,47.11,33,3,72
Isola,Canggu,"(0, 1, 2)","(0, 1, 0, 5)",254.12,258.01,26.83,33.89,33,3,73
Isola,Canggu,"(1, 1, 2)","(0, 1, 0, 5)",255.92,261.1,27.38,34.62,33,3,74
Isola,Canggu,"(2, 1, 2)","(0, 1, 0, 5)",257.06,263.54,27.42,34.76,33,3,75
Isola,Canggu,"(0, 1, 1)","(0, 1, 0, 5)",266.06,268.73,30.06,36.1,33,3,76
Isola,Canggu,"(1, 1, 1)","(0, 1, 0, 5)",266.08,270.08,27.13,33.69,33,3,77
Isola,Canggu,"(2, 1, 0)","(0, 1, 0, 5)",268.66,272.66,31.15,38.36,33,3,78
Isola,Canggu,"(2, 1, 1)","(0, 1, 0, 5)",268.04,273.37,27.4,34.6,33,3,79
Isola,Canggu,"(0, 1, 0)","(0, 1, 0, 5)",277.38,278.74,36.01,51.47,33,3,80
Isola,Canggu,"(1, 1, 0)","(0, 1, 0, 5)",276.88,279.62,33.59,45.46,33,3,81
Ozamiz,Seminyak,"(0, 0, 2)","(0, 1, 2, 6)",132.67,136.21,21.11,30.07,33,3,1
Ozamiz,Seminyak,"(2, 0, 2)","(0, 1, 2, 6)",132.67,137.62,21.4,27.94,33,3,2
Ozamiz,Seminyak,"(1, 0, 2)","(0, 1, 2, 6)",133.53,137.78,20.66,29.36,33,3,3
Ozamiz,Seminyak,"(0, 0, 2)","(1, 1, 2, 6)",133.97,138.22,20.75,28.94,33,3,4
Ozamiz,Seminyak,"(2, 0, 2)","(1, 1, 2, 6)",133.57,139.24,21.64,29.86,33,3,5
Ozamiz,Seminyak,"(1, 0, 2)","(1, 1, 2, 6)",135.53,140.49,20.38,28.24,33,3,6
Ozamiz,Seminyak,"(0, 0, 2)","(2, 1, 2, 6)",136.49,141.44,21.33,30.52,33,3,7
Ozamiz,Seminyak,"(1, 0, 2)","(2, 1, 2, 6)",137.65,143.31,20.43,28.47,33,3,8
Ozamiz,Seminyak,"(2, 0, 2)","(2, 1, 2, 6)",137.83,144.2,20.28,26.21,33,3,9
Ozamiz,Seminyak,"(0, 0, 1)","(0, 1, 2, 6)",141.78,144.87,23.67,36.81,33,3,10
Ozamiz,Seminyak,"(1, 0, 1)","(0, 1, 2, 6)",142.13,145.99,22.8,34.93,33,3,11
Ozamiz,Seminyak,"(0, 0, 1)","(1, 1, 2, 6)",142.14,146.0,20.26,25.48,33,3,12
Ozamiz,Seminyak,"(1, 0, 1)","(1, 1, 2, 6)",141.82,146.45,19.94,22.99,33,3,13
Ozamiz,Seminyak,"(2, 0, 0)","(2, 1, 0, 6)",143.64,147.51,20.88,27.38,33,3,14
Ozamiz,Seminyak,"(2, 0, 1)","(1, 1, 2, 6)",142.99,148.4,20.23,25.3,33,3,15
Ozamiz,Seminyak,"(2, 0, 1)","(0, 1, 2, 6)",144.12,148.76,23.12,35.55,33,3,16
Ozamiz,Seminyak,"(2, 0, 1)","(2, 1, 0, 6)",144.39,149.03,21.15,28.42,33,3,17
Ozamiz,Seminyak,"(1, 0, 1)","(2, 1, 2, 6)",143.81,149.22,19.93,22.99,33,3,18
Ozamiz,Seminyak,"(0, 0, 1)","(2, 1, 2, 6)",144.91,149.55,20.17,25.11,33,3,19
Ozamiz,Seminyak,"(2, 0, 0)","(2, 1, 1, 6)",145.46,150.09,20.96,28.96,33,3,20
Ozamiz,Seminyak,"(2, 0, 2)","(2, 1, 0, 6)",145.14,150.54,17.45,22.55,33,3,21
Ozamiz,Seminyak,"(2, 0, 1)","(2, 1, 1, 6)",145.99,151.4,21.3,30.32,33,3,22
Ozamiz,Seminyak,"(2, 0, 2)","(2, 1, 1, 6)",145.69,151.87,22.57,28.59,33,3,23
Ozamiz,Seminyak,"(2, 0, 0)","(2, 1, 2, 6)",146.92,152.33,20.9,26.17,33,3,24
Ozamiz,Seminyak,"(2, 0, 1)","(2, 1, 2, 6)",147.05,153.23,20.66,27.48,33,3,25
Ozamiz,Seminyak,"(1, 0, 0)","(2, 1, 0, 6)",153.39,156.73,21.04,28.21,33,3,26
Ozamiz,Seminyak,"(0, 0, 0)","(0, 1, 2, 6)",154.99,157.49,21.19,29.22,33,3,27
Ozamiz,Seminyak,"(1, 0, 0)","(0, 1, 2, 6)",154.56,157.9,21.45,28.99,33,3,28
Ozamiz,Seminyak,"(1, 0, 0)","(1, 1, 2, 6)",154.14,158.31,20.56,24.63,33,3,29
Ozamiz,Seminyak,"(0, 0, 0)","(1, 1, 2, 6)",155.63,158.96,21.11,24.27,33,3,30
Ozamiz,Seminyak,"(1, 0, 1)","(2, 1, 0, 6)",154.9,159.06,20.98,28.0,33,3,31
Ozamiz,Seminyak,"(1, 0, 0)","(2, 1, 1, 6)",155.24,159.41,20.63,26.05,33,3,32
Ozamiz,Seminyak,"(1, 0, 2)","(2, 1, 0, 6)",154.56,159.56,21.37,29.71,33,3,33
Ozamiz,Seminyak,"(2, 0, 0)","(0, 1, 2, 6)",156.53,160.69,21.57,28.88,33,3,34
Ozamiz,Seminyak,"(2, 0, 0)","(1, 1, 2, 6)",156.0,161.0,20.87,26.68,33,3,35
Ozamiz,Seminyak,"(1, 0, 0)","(2, 1, 2, 6)",156.13,161.13,20.36,24.17,33,3,36
Ozamiz,Seminyak,"(0, 0, 0)","(2, 1, 2, 6)",157.61,161.77,21.07,24.24,33,3,37
Ozamiz,Seminyak,"(1, 0, 1)","(2, 1, 1, 6)",156.85,161.85,20.65,25.65,33,3,38
Ozamiz,Seminyak,"(1, 0, 2)","(2, 1, 1, 6)",156.43,162.26,21.26,29.01,33,3,39
Ozamiz,Seminyak,"(0, 0, 1)","(2, 1, 0, 6)",161.99,165.55,21.1,25.79,33,3,40
Ozamiz,Seminyak,"(0, 0, 0)","(2, 1, 0, 6)",163.98,166.65,20.81,27.21,33,3,41
Ozamiz,Seminyak,"(0, 0, 1)","(2, 1, 1, 6)",163.79,168.25,20.86,27.18,33,3,42
Ozamiz,Seminyak,"(0, 0, 2)","(2, 1, 0, 6)",163.88,168.34,20.84,25.58,33,3,43
Ozamiz,Seminyak,"(0, 0, 0)","(2, 1, 1, 6)",165.32,168.88,19.91,22.5,33,3,44
Ozamiz,Seminyak,"(0, 0, 2)","(2, 1, 1, 6)",165.62,170.97,20.79,27.65,33,3,45
Ozamiz,Seminyak,"(0, 0, 2)","(0, 1, 1, 6)",189.93,194.1,19.39,22.74,33,3,46
Ozamiz,Seminyak,"(1, 0, 2)","(0, 1, 1, 6)",189.95,195.17,18.83,20.59,33,3,47
Ozamiz,Seminyak,"(0, 0, 2)","(1, 1, 1, 6)",191.5,196.73,20.88,25.77,33,3,48
Ozamiz,Seminyak,"(1, 0, 2)","(1, 1, 1, 6)",191.57,197.84,20.79,28.1,33,3,49
Ozamiz,Seminyak,"(2, 0, 2)","(0, 1, 1, 6)",191.88,198.15,15.31,21.66,33,3,50
Ozamiz,Seminyak,"(2, 0, 2)","(1, 1, 1, 6)",192.39,199.7,20.96,28.17,33,3,51
Ozamiz,Seminyak,"(0, 0, 1)","(0, 1, 1, 6)",197.45,200.72,19.04,24.72,33,3,52
Ozamiz,Seminyak,"(1, 0, 1)","(0, 1, 1, 6)",197.94,202.31,19.35,23.12,33,3,53
Ozamiz,Seminyak,"(0, 0, 1)","(1, 1, 1, 6)",198.61,202.97,20.94,27.51,33,3,54
Ozamiz,Seminyak,"(2, 0, 0)","(1, 1, 0, 6)",198.77,203.14,20.69,25.3,33,3,55
Ozamiz,Seminyak,"(2, 0, 1)","(0, 1, 1, 6)",199.07,204.53,19.32,22.93,33,3,56
Ozamiz,Seminyak,"(2, 0, 1)","(1, 1, 0, 6)",200.34,205.79,20.65,25.23,33,3,57
Ozamiz,Seminyak,"(1, 0, 1)","(1, 1, 1, 6)",200.49,205.94,21.17,29.4,33,3,58
Ozamiz,Seminyak,"(2, 0, 0)","(1, 1, 1, 6)",200.49,205.94,21.39,29.8,33,3,59
Ozamiz,Seminyak,"(0, 0, 0)","(0, 1, 1, 6)",205.48,207.75,18.59,23.0,33,3,60
Ozamiz,Seminyak,"(2, 0, 1)","(1, 1, 1, 6)",201.26,207.81,21.32,29.68,33,3,61
Ozamiz,Seminyak,"(1, 0, 0)","(1, 1, 0, 6)",204.55,207.96,20.74,25.35,33,3,62
Ozamiz,Seminyak,"(2, 0, 2)","(1, 1, 0, 6)",202.49,209.03,19.87,26.85,33,3,63
Ozamiz,Seminyak,"(1, 0, 0)","(0, 1, 1, 6)",205.96,209.37,19.65,24.03,33,3,64
Ozamiz,Seminyak,"(0, 0, 0)","(1, 1, 1, 6)",206.03,209.44,21.03,27.16,33,3,65
Ozamiz,Seminyak,"(1, 0, 0)","(1, 1, 1, 6)",206.28,210.83,20.91,27.8,33,3,66
Ozamiz,Seminyak,"(1, 0, 1)","(1, 1, 0, 6)",206.52,211.06,20.73,25.36,33,3,67
Ozamiz,Seminyak,"(2, 0, 0)","(0, 1, 1, 6)",206.72,211.26,19.41,22.95,33,3,68
Ozamiz,Seminyak,"(1, 0, 2)","(1, 1, 0, 6)",208.51,214.19,20.25,24.46,33,3,69
Ozamiz,Seminyak,"(0, 0, 0)","(1, 1, 0, 6)",212.31,214.67,21.25,25.64,33,3,70
Ozamiz,Seminyak,"(0, 0, 1)","(1, 1, 0, 6)",212.51,216.04,21.03,25.73,33,3,71
Ozamiz,Seminyak,"(0, 0, 2)","(1, 1, 0, 6)",214.47,219.18,20.51,25.03,33,3,72
Ozamiz,Seminyak,"(0, 0, 2)","(0, 1, 0, 6)",251.39,255.27,25.1,28.41,33,3,73
Ozamiz,Seminyak,"(1, 0, 2)","(0, 1, 0, 6)",253.09,258.27,25.14,28.64,33,3,74
Ozamiz,Seminyak,"(2, 0, 2)","(0, 1, 0, 6)",252.82,259.3,20.17,23.12,33,3,75
Ozamiz,Seminyak,"(0, 0, 1)","(0, 1, 0, 6)",260.36,263.02,25.55,27.1,33,3,76
Ozamiz,Seminyak,"(1, 0, 1)","(0, 1, 0, 6)",262.34,266.34,25.66,27.54,33,3,77
Ozamiz,Seminyak,"(2, 0, 0)","(0, 1, 0, 6)",262.34,266.34,25.69,27.54,33,3,78
Ozamiz,Seminyak,"(2, 0, 1)","(0, 1, 0, 6)",261.58,266.91,23.76,25.75,33,3,79
Ozamiz,Seminyak,"(0, 0, 0)","(0, 1, 0, 6)",267.48,268.85,22.14,25.04,33,3,80
Ozamiz,Seminyak,"(1, 0, 0)","(0, 1, 0, 6)",268.57,271.31,25.37,27.36,33,3,81
