Vila,Area,Rank_BIC,Order,Seasonal_Order,BIC,LB_p_value,RMSE,MAPE,Kelayakan
Briana,Canggu,1,"(2, 1, 2)","(0, 1, 2, 7)",81.72,0.0661,17.91,19.21,ELIGIBLE (Ideal)
Briana,Canggu,2,"(1, 1, 2)","(1, 1, 2, 7)",83.15,0.0254,12.28,14.65,BAD METRIC/RESID
Briana,Canggu,3,"(2, 1, 2)","(1, 1, 2, 7)",84.74,0.0737,40.07,46.12,ELIGIBLE (Ideal)
Briana,Canggu,4,"(2, 1, 1)","(1, 1, 2, 7)",89.51,0.5208,33.16,36.24,ELIGIBLE (Ideal)
Briana,Canggu,5,"(1, 1, 1)","(1, 1, 2, 7)",92.17,0.9069,13.08,13.49,ELIGIBLE (Ideal)
Briana,Canggu,6,"(0, 1, 2)","(1, 1, 2, 7)",92.26,0.0,59.57,78.44,BAD METRIC/RESID
Briana,Canggu,7,"(1, 1, 2)","(0, 1, 2, 7)",92.36,0.0642,16.41,17.39,ELIGIBLE (Ideal)
Briana,Canggu,8,"(0, 1, 2)","(0, 1, 2, 7)",93.0,0.0,23.61,30.52,BAD METRIC/RESID
Briana,Canggu,9,"(0, 1, 2)","(2, 1, 2, 7)",93.4,0.0,15.24,17.12,BAD METRIC/RESID
Briana,Canggu,10,"(1, 1, 2)","(2, 1, 2, 7)",94.35,0.0005,13.82,14.7,BAD METRIC/RESID
Castello,Canggu,1,"(2, 1, 2)","(1, 1, 2, 7)",95.56,0.5572,42.26,57.46,ELIGIBLE (Ideal)
Castello,Canggu,2,"(2, 1, 2)","(0, 1, 1, 7)",96.53,0.604,29.87,31.53,ELIGIBLE (Ideal)
Castello,Canggu,3,"(2, 1, 2)","(2, 1, 0, 7)",102.76,0.117,19.5,24.98,ELIGIBLE (Ideal)
Castello,Canggu,4,"(2, 1, 2)","(2, 1, 2, 7)",103.76,0.4704,52.96,75.15,BAD METRIC/RESID
Castello,Canggu,5,"(0, 1, 2)","(1, 1, 2, 7)",104.88,0.5869,21.95,29.98,ELIGIBLE (Ideal)
Castello,Canggu,6,"(2, 1, 2)","(0, 1, 2, 7)",105.02,0.3552,29.99,31.81,ELIGIBLE (Ideal)
Castello,Canggu,7,"(1, 1, 2)","(1, 1, 2, 7)",106.89,0.6074,29.7,41.33,ELIGIBLE (Ideal)
Castello,Canggu,8,"(2, 1, 2)","(2, 1, 1, 7)",107.55,0.6172,30.6,27.82,ELIGIBLE (Ideal)
Castello,Canggu,9,"(0, 1, 2)","(2, 1, 2, 7)",107.99,0.8109,24.69,29.76,ELIGIBLE (Ideal)
Castello,Canggu,10,"(2, 1, 1)","(2, 1, 0, 7)",109.46,0.0652,21.07,26.57,ELIGIBLE (Ideal)
Elina,Canggu,1,"(2, 1, 1)","(2, 1, 0, 4)",205.36,0.1883,44.29,184.38,BAD METRIC/RESID
Elina,Canggu,2,"(2, 1, 2)","(2, 1, 0, 4)",207.3,0.2,44.54,186.77,BAD METRIC/RESID
Elina,Canggu,3,"(2, 1, 1)","(2, 1, 1, 4)",208.28,0.188,44.59,186.73,BAD METRIC/RESID
Elina,Canggu,4,"(2, 1, 0)","(2, 1, 0, 4)",210.14,0.1147,45.36,189.57,BAD METRIC/RESID
Elina,Canggu,5,"(2, 1, 2)","(2, 1, 1, 4)",211.74,0.2548,43.8,179.77,BAD METRIC/RESID
Elina,Canggu,6,"(2, 1, 0)","(2, 1, 1, 4)",213.19,0.1991,45.31,192.59,BAD METRIC/RESID
Elina,Canggu,7,"(1, 1, 2)","(2, 1, 0, 4)",215.43,0.0246,37.34,163.37,BAD METRIC/RESID
Elina,Canggu,8,"(1, 1, 1)","(2, 1, 0, 4)",217.07,0.0411,40.11,172.69,BAD METRIC/RESID
Elina,Canggu,9,"(1, 1, 2)","(2, 1, 1, 4)",218.5,0.0504,33.74,145.45,BAD METRIC/RESID
Elina,Canggu,10,"(1, 1, 1)","(2, 1, 1, 4)",220.02,0.0148,32.92,146.61,BAD METRIC/RESID
Isola,Canggu,1,"(0, 1, 2)","(1, 1, 2, 5)",165.5,0.2476,25.06,29.95,ELIGIBLE (Ideal)
Isola,Canggu,2,"(0, 1, 2)","(0, 1, 2, 5)",166.97,0.4205,25.3,30.15,ELIGIBLE (Ideal)
Isola,Canggu,3,"(0, 1, 2)","(2, 1, 2, 5)",167.05,0.0871,25.39,29.15,ELIGIBLE (Ideal)
Isola,Canggu,4,"(2, 1, 2)","(1, 1, 2, 5)",169.46,0.0169,33.56,34.49,BAD METRIC/RESID
Isola,Canggu,5,"(1, 1, 2)","(0, 1, 2, 5)",170.32,0.2041,24.32,29.11,ELIGIBLE (Ideal)
Isola,Canggu,6,"(1, 1, 2)","(2, 1, 2, 5)",170.72,0.0179,23.63,27.42,BAD METRIC/RESID
Isola,Canggu,7,"(2, 1, 2)","(2, 1, 2, 5)",171.57,0.0463,31.18,33.89,BAD METRIC/RESID
Isola,Canggu,8,"(2, 1, 2)","(0, 1, 2, 5)",173.12,0.0205,31.75,33.1,BAD METRIC/RESID
Isola,Canggu,9,"(1, 1, 2)","(1, 1, 2, 5)",173.14,0.0486,26.07,30.3,BAD METRIC/RESID
Isola,Canggu,10,"(0, 1, 1)","(0, 1, 2, 5)",173.19,0.394,23.85,28.5,ELIGIBLE (Ideal)
Eindra,Seminyak,1,"(0, 0, 2)","(0, 1, 2, 6)",130.78,0.0,19.93,21.78,BAD METRIC/RESID
Eindra,Seminyak,2,"(0, 0, 2)","(2, 1, 2, 6)",132.32,0.0,24.86,29.2,BAD METRIC/RESID
Eindra,Seminyak,3,"(1, 0, 2)","(0, 1, 2, 6)",132.91,0.0399,16.47,16.98,BAD METRIC/RESID
Eindra,Seminyak,4,"(0, 0, 2)","(1, 1, 2, 6)",133.41,0.0,23.24,26.14,BAD METRIC/RESID
Eindra,Seminyak,5,"(1, 0, 2)","(2, 1, 2, 6)",133.49,0.0,24.44,27.69,BAD METRIC/RESID
Eindra,Seminyak,6,"(0, 0, 1)","(0, 1, 2, 6)",135.26,0.0,15.09,17.49,BAD METRIC/RESID
Eindra,Seminyak,7,"(1, 0, 2)","(1, 1, 2, 6)",135.49,0.0088,23.39,25.25,BAD METRIC/RESID
Eindra,Seminyak,8,"(2, 0, 2)","(0, 1, 2, 6)",135.56,0.0,30.46,36.22,BAD METRIC/RESID
Eindra,Seminyak,9,"(1, 0, 1)","(0, 1, 2, 6)",137.61,0.0,15.18,17.48,BAD METRIC/RESID
Eindra,Seminyak,10,"(0, 0, 1)","(1, 1, 2, 6)",137.69,0.0,20.38,22.76,BAD METRIC/RESID
Esha,Seminyak,1,"(2, 0, 1)","(2, 1, 0, 4)",191.47,0.0,21.22,22.67,BAD METRIC/RESID
Esha,Seminyak,2,"(2, 0, 0)","(2, 1, 0, 4)",193.12,0.1795,31.96,33.25,ELIGIBLE (Ideal)
Esha,Seminyak,3,"(2, 0, 1)","(2, 1, 1, 4)",193.85,0.0,30.3,33.6,BAD METRIC/RESID
Esha,Seminyak,4,"(2, 0, 2)","(2, 1, 1, 4)",194.8,0.0283,25.48,26.97,BAD METRIC/RESID
Esha,Seminyak,5,"(2, 0, 0)","(2, 1, 1, 4)",195.37,0.0002,30.6,34.39,BAD METRIC/RESID
Esha,Seminyak,6,"(1, 0, 0)","(2, 1, 0, 4)",197.85,0.002,26.68,27.26,BAD METRIC/RESID
Esha,Seminyak,7,"(1, 0, 1)","(2, 1, 0, 4)",198.51,0.4351,25.23,25.28,ELIGIBLE (Ideal)
Esha,Seminyak,8,"(1, 0, 2)","(2, 1, 0, 4)",199.34,0.3545,23.87,22.59,ELIGIBLE (Ideal)
Esha,Seminyak,9,"(2, 0, 2)","(2, 1, 0, 4)",199.54,0.0262,24.26,25.15,BAD METRIC/RESID
Esha,Seminyak,10,"(1, 0, 0)","(2, 1, 1, 4)",199.94,0.0003,30.6,33.94,BAD METRIC/RESID
Ozamiz,Seminyak,1,"(0, 0, 2)","(0, 1, 2, 6)",136.21,0.1005,16.4,19.76,ELIGIBLE (Ideal)
Ozamiz,Seminyak,2,"(2, 0, 2)","(0, 1, 2, 6)",137.62,0.0067,25.97,32.45,BAD METRIC/RESID
Ozamiz,Seminyak,3,"(1, 0, 2)","(0, 1, 2, 6)",137.78,0.0356,17.65,21.5,BAD METRIC/RESID
Ozamiz,Seminyak,4,"(0, 0, 2)","(1, 1, 2, 6)",138.22,0.0699,17.79,22.06,ELIGIBLE (Ideal)
Ozamiz,Seminyak,5,"(2, 0, 2)","(1, 1, 2, 6)",139.24,0.0055,38.7,49.31,BAD METRIC/RESID
Ozamiz,Seminyak,6,"(1, 0, 2)","(1, 1, 2, 6)",140.49,0.0037,21.61,27.12,BAD METRIC/RESID
Ozamiz,Seminyak,7,"(0, 0, 2)","(2, 1, 2, 6)",141.44,0.136,19.2,22.24,ELIGIBLE (Ideal)
Ozamiz,Seminyak,8,"(1, 0, 2)","(2, 1, 2, 6)",143.31,0.0037,21.61,27.12,BAD METRIC/RESID
Ozamiz,Seminyak,9,"(2, 0, 2)","(2, 1, 2, 6)",144.2,0.0079,36.54,47.52,BAD METRIC/RESID
Ozamiz,Seminyak,10,"(0, 0, 1)","(0, 1, 2, 6)",144.87,0.1269,15.86,17.93,ELIGIBLE (Ideal)
