,,Bulan,Aktual y_i (%),Prediksi ŷ_i (%),Error (y_i − ŷ_i),Error²,|Error/y_i|×100%
Briana — Test,0,Jun 2025,66.67,65.39,1.2808,1.6405,1.92
Briana — Test,1,Jul 2025,61.29,50.56,10.7329,115.1942,17.51
Briana — Test,2,Aug 2025,74.19,61.56,12.6331,159.5943,17.03
Briana — Test,3,Sep 2025,66.67,57.23,9.4334,88.9892,14.15
Briana — Test,4,Oct 2025,80.65,86.95,-6.3047,39.7491,7.82
Briana — Test,5,Nov 2025,90.0,58.41,31.5913,998.01,35.1
Briana — Test,6,Dec 2025,70.97,100.0,-29.0323,842.872,40.91
Briana — Test,7,Jumlah,—,—,—,2246.0494,134.44%
Briana — Test,8,RMSE,—,—,—,sqrt(1/7 * 2246.0494) = sqrt320.8642 = 17.91%,—
Briana — Test,9,MAPE,—,—,—,—,1/7 * 134.44 = 19.21%
Briana — Train,0,Jan 2023,61.29,0.0,61.2903,3756.5036,100.0
Briana — Train,1,Feb 2023,50.0,35.92,14.0778,198.1845,28.16
Briana — Train,2,Mar 2023,54.84,69.29,-14.4512,208.838,26.35
Briana — Train,3,Apr 2023,63.33,43.24,20.0962,403.8574,31.73
Briana — Train,4,May 2023,93.55,60.95,32.5981,1062.6339,34.85
Briana — Train,5,Jun 2023,70.0,69.69,0.3053,0.0932,0.44
Briana — Train,6,Jul 2023,83.87,98.78,-14.9103,222.3169,17.78
Briana — Train,7,Aug 2023,61.29,99.07,-37.7768,1427.0887,61.64
Briana — Train,8,Sep 2023,73.33,100.0,-26.6667,711.1111,36.36
Briana — Train,9,Oct 2023,58.06,50.36,7.7004,59.2961,13.26
Briana — Train,10,Nov 2023,60.0,90.82,-30.8197,949.8525,51.37
Briana — Train,11,Dec 2023,54.84,98.97,-44.1301,1947.4663,80.47
Briana — Train,12,Jan 2024,80.65,75.42,5.2292,27.3446,6.48
Briana — Train,13,Feb 2024,62.07,34.3,27.7649,770.8897,44.73
Briana — Train,14,Mar 2024,80.65,78.28,2.3626,5.5819,2.93
Briana — Train,15,Apr 2024,50.0,42.57,7.4332,55.2519,14.87
Briana — Train,16,May 2024,54.84,86.49,-31.6514,1001.8109,57.72
Briana — Train,17,Jun 2024,50.0,33.1,16.8998,285.6034,33.8
Briana — Train,18,Jul 2024,74.19,59.44,14.7531,217.6542,19.88
Briana — Train,19,Aug 2024,74.19,70.04,4.1498,17.2211,5.59
Briana — Train,20,Sep 2024,76.67,87.75,-11.0832,122.838,14.46
Briana — Train,21,Oct 2024,93.55,62.68,30.8684,952.8556,33.0
Briana — Train,22,Nov 2024,70.0,86.23,-16.2328,263.5033,23.19
Briana — Train,23,Dec 2024,74.19,43.99,30.2056,912.3755,40.71
Briana — Train,24,Jan 2025,58.06,75.7,-17.6388,311.1288,30.38
Briana — Train,25,Feb 2025,67.86,67.68,0.1775,0.0315,0.26
Briana — Train,26,Mar 2025,80.65,80.82,-0.173,0.0299,0.21
Briana — Train,27,Apr 2025,73.33,74.61,-1.2797,1.6376,1.75
Briana — Train,28,May 2025,83.87,84.62,-0.7503,0.563,0.89
Briana — Train,29,Jumlah,—,—,—,15893.5632,813.25%
Briana — Train,30,RMSE,—,—,—,sqrt(1/29 * 15893.5632) = sqrt548.0539 = 23.41%,—
Briana — Train,31,MAPE,—,—,—,—,1/29 * 813.25 = 28.04%
Castello — Test,0,Jun 2025,86.67,56.36,30.3093,918.6557,34.97
Castello — Test,1,Jul 2025,74.19,64.48,9.7143,94.3683,13.09
Castello — Test,2,Aug 2025,64.52,0.0,64.5161,4162.3309,100.0
Castello — Test,3,Sep 2025,83.33,28.54,54.7971,3002.7168,65.76
Castello — Test,4,Oct 2025,77.42,26.45,50.9696,2597.9008,65.84
Castello — Test,5,Nov 2025,66.67,51.63,15.0338,226.0165,22.55
Castello — Test,6,Dec 2025,38.71,0.0,38.7097,1498.4391,100.0
Castello — Test,7,Jumlah,—,—,—,12500.4282,402.21%
Castello — Test,8,RMSE,—,—,—,sqrt(1/7 * 12500.4282) = sqrt1785.7755 = 42.26%,—
Castello — Test,9,MAPE,—,—,—,—,1/7 * 402.21 = 57.46%
Castello — Train,0,Jan 2023,0.0,0.0,0.0,0.0,
Castello — Train,1,Feb 2023,0.0,0.0,0.0,0.0,
Castello — Train,2,Mar 2023,0.0,0.0,0.0,0.0,
Castello — Train,3,Apr 2023,0.0,0.0,0.0,0.0,
Castello — Train,4,May 2023,0.0,0.0,0.0,0.0,
Castello — Train,5,Jun 2023,0.0,0.0,0.0,0.0,
Castello — Train,6,Jul 2023,0.0,0.0,0.0,0.0,
Castello — Train,7,Aug 2023,0.0,0.0,0.0,0.0,
Castello — Train,8,Sep 2023,0.0,0.0,0.0,0.0,
Castello — Train,9,Oct 2023,0.0,0.0,0.0,0.0,
Castello — Train,10,Nov 2023,86.67,0.0,86.6667,7511.1111,100.0
Castello — Train,11,Dec 2023,61.29,100.0,-38.7097,1498.4391,63.16
Castello — Train,12,Jan 2024,77.42,80.4,-2.9796,8.8778,3.85
Castello — Train,13,Feb 2024,68.97,73.96,-4.9928,24.9278,7.24
Castello — Train,14,Mar 2024,58.06,72.92,-14.8593,220.7984,25.59
Castello — Train,15,Apr 2024,46.67,55.56,-8.8976,79.1664,19.07
Castello — Train,16,May 2024,45.16,41.78,3.385,11.4583,7.5
Castello — Train,17,Jun 2024,63.33,10.5,52.8294,2790.9422,83.41
Castello — Train,18,Jul 2024,80.65,84.3,-3.6534,13.347,4.53
Castello — Train,19,Aug 2024,70.97,68.46,2.5126,6.3132,3.54
Castello — Train,20,Sep 2024,83.33,77.68,5.6494,31.9161,6.78
Castello — Train,21,Oct 2024,9.68,86.5,-76.8257,5902.1829,793.87
Castello — Train,22,Nov 2024,0.0,0.0,0.0,0.0,
Castello — Train,23,Dec 2024,25.81,20.82,4.9888,24.8883,19.33
Castello — Train,24,Jan 2025,77.42,100.0,-22.5806,509.8855,29.17
Castello — Train,25,Feb 2025,39.29,39.06,0.2245,0.0504,0.57
Castello — Train,26,Mar 2025,90.32,90.39,-0.0666,0.0044,0.07
Castello — Train,27,Apr 2025,86.67,86.91,-0.239,0.0571,0.28
Castello — Train,28,May 2025,58.06,58.51,-0.4473,0.2001,0.77
Castello — Train,29,Jumlah,—,—,—,18634.5663,1168.72%
Castello — Train,30,RMSE,—,—,—,sqrt(1/29 * 18634.5663) = sqrt642.5713 = 25.35%,—
Castello — Train,31,MAPE,—,—,—,—,1/29 * 1168.72 = 40.30%
Elina — Test,0,Jun 2025,26.67,27.27,-0.5985,0.3582,2.24
Elina — Test,1,Jul 2025,48.39,68.92,-20.53,421.4814,42.43
Elina — Test,2,Aug 2025,48.39,0.0,48.3871,2341.3111,100.0
Elina — Test,3,Sep 2025,26.67,20.59,6.0765,36.9236,22.79
Elina — Test,4,Oct 2025,9.68,100.0,-90.3226,8158.1686,933.33
Elina — Test,5,Nov 2025,43.33,4.39,38.9386,1516.2182,89.86
Elina — Test,6,Dec 2025,35.48,0.0,35.4839,1259.1051,100.0
Elina — Test,7,Jumlah,—,—,—,13733.5663,1290.65%
Elina — Test,8,RMSE,—,—,—,sqrt(1/7 * 13733.5663) = sqrt1961.9380 = 44.29%,—
Elina — Test,9,MAPE,—,—,—,—,1/7 * 1290.65 = 184.38%
Elina — Train,0,Jan 2023,6.45,0.0,6.4516,41.6233,100.0
Elina — Train,1,Feb 2023,0.0,3.41,-3.4142,11.6567,
Elina — Train,2,Mar 2023,0.0,4.48,-4.4798,20.0688,
Elina — Train,3,Apr 2023,0.0,2.37,-2.3678,5.6064,
Elina — Train,4,May 2023,0.0,0.63,-0.6338,0.4017,
Elina — Train,5,Jun 2023,6.67,0.0,6.6667,44.4444,100.0
Elina — Train,6,Jul 2023,3.23,0.0,3.2258,10.4058,100.0
Elina — Train,7,Aug 2023,0.0,0.0,0.0,0.0,
Elina — Train,8,Sep 2023,0.0,2.37,-2.3727,5.6297,
Elina — Train,9,Oct 2023,0.0,8.95,-8.9549,80.191,
Elina — Train,10,Nov 2023,0.0,4.54,-4.5444,20.6516,
Elina — Train,11,Dec 2023,12.9,0.0,12.9032,166.4932,100.0
Elina — Train,12,Jan 2024,9.68,9.39,0.2898,0.084,2.99
Elina — Train,13,Feb 2024,0.0,3.19,-3.1949,10.2076,
Elina — Train,14,Mar 2024,29.03,3.12,25.9113,671.3932,89.25
Elina — Train,15,Apr 2024,0.0,0.0,0.0,0.0,
Elina — Train,16,May 2024,6.45,30.28,-23.8305,567.8907,369.37
Elina — Train,17,Jun 2024,63.33,56.32,7.0135,49.1894,11.07
Elina — Train,18,Jul 2024,0.0,0.0,0.0,0.0,
Elina — Train,19,Aug 2024,0.0,6.13,-6.132,37.6009,
Elina — Train,20,Sep 2024,13.33,35.41,-22.0776,487.4201,165.58
Elina — Train,21,Oct 2024,32.26,33.2,-0.9396,0.8828,2.91
Elina — Train,22,Nov 2024,13.33,0.0,13.3333,177.7778,100.0
Elina — Train,23,Dec 2024,16.13,0.7,15.4325,238.1616,95.68
Elina — Train,24,Jan 2025,22.58,13.18,9.3964,88.2921,41.61
Elina — Train,25,Feb 2025,0.0,0.0,0.0,0.0,
Elina — Train,26,Mar 2025,0.0,14.0,-13.9953,195.8681,
Elina — Train,27,Apr 2025,80.0,73.64,6.3646,40.5085,7.96
Elina — Train,28,May 2025,12.9,11.0,1.8994,3.6076,14.72
Elina — Train,29,Jumlah,—,—,—,2976.0571,1301.16%
Elina — Train,30,RMSE,—,—,—,sqrt(1/29 * 2976.0571) = sqrt102.6227 = 10.13%,—
Elina — Train,31,MAPE,—,—,—,—,1/29 * 1301.16 = 44.87%
Isola — Test,0,Jun 2025,100.0,74.58,25.4209,646.2198,25.42
Isola — Test,1,Jul 2025,93.55,100.0,-6.4516,41.6233,6.9
Isola — Test,2,Aug 2025,70.97,98.32,-27.3517,748.1154,38.54
Isola — Test,3,Sep 2025,63.33,100.0,-36.6667,1344.4444,57.89
Isola — Test,4,Oct 2025,80.65,53.29,27.3525,748.1579,33.92
Isola — Test,5,Nov 2025,83.33,78.29,5.0394,25.3952,6.05
Isola — Test,6,Dec 2025,70.97,100.0,-29.0323,842.872,40.91
Isola — Test,7,Jumlah,—,—,—,4396.8281,209.63%
Isola — Test,8,RMSE,—,—,—,sqrt(1/7 * 4396.8281) = sqrt628.1183 = 25.06%,—
Isola — Test,9,MAPE,—,—,—,—,1/7 * 209.63 = 29.95%
Isola — Train,0,Jan 2023,0.0,0.0,0.0,0.0,
Isola — Train,1,Feb 2023,0.0,0.0,0.0,0.0,
Isola — Train,2,Mar 2023,0.0,0.0,0.0,0.0,
Isola — Train,3,Apr 2023,0.0,0.0,0.0,0.0,
Isola — Train,4,May 2023,0.0,0.0,0.0,0.0,
Isola — Train,5,Jun 2023,0.0,0.0,0.0,0.0,
Isola — Train,6,Jul 2023,0.0,0.0,0.0,0.0,
Isola — Train,7,Aug 2023,0.0,0.0,0.0,0.0,
Isola — Train,8,Sep 2023,50.0,0.0,50.0,2500.0,100.0
Isola — Train,9,Oct 2023,83.87,49.98,33.8867,1148.3113,40.4
Isola — Train,10,Nov 2023,56.67,83.86,-27.1935,739.4872,47.99
Isola — Train,11,Dec 2023,35.48,56.68,-21.1915,449.0787,59.72
Isola — Train,12,Jan 2024,51.61,35.49,16.1192,259.8299,31.23
Isola — Train,13,Feb 2024,72.41,100.0,-27.5862,760.9988,38.1
Isola — Train,14,Mar 2024,80.65,100.0,-19.3548,374.6098,24.0
Isola — Train,15,Apr 2024,63.33,84.57,-21.2379,451.0503,33.53
Isola — Train,16,May 2024,64.52,50.12,14.3944,207.1979,22.31
Isola — Train,17,Jun 2024,83.33,68.7,14.6356,214.1998,17.56
Isola — Train,18,Jul 2024,87.1,88.43,-1.3341,1.7799,1.53
Isola — Train,19,Aug 2024,67.74,92.13,-24.3831,594.5374,35.99
Isola — Train,20,Sep 2024,83.33,71.89,11.4432,130.9472,13.73
Isola — Train,21,Oct 2024,51.61,78.9,-27.2824,744.3286,52.86
Isola — Train,22,Nov 2024,86.67,93.59,-6.9238,47.9393,7.99
Isola — Train,23,Dec 2024,74.19,93.26,-19.0698,363.6589,25.7
Isola — Train,24,Jan 2025,70.97,65.81,5.1592,26.6176,7.27
Isola — Train,25,Feb 2025,100.0,89.27,10.7307,115.1482,10.73
Isola — Train,26,Mar 2025,87.1,50.82,36.2751,1315.8819,41.65
Isola — Train,27,Apr 2025,96.67,92.41,4.2596,18.144,4.41
Isola — Train,28,May 2025,54.84,76.09,-21.2478,451.4711,38.75
Isola — Train,29,Jumlah,—,—,—,10915.2178,655.46%
Isola — Train,30,RMSE,—,—,—,sqrt(1/29 * 10915.2178) = sqrt376.3868 = 19.40%,—
Isola — Train,31,MAPE,—,—,—,—,1/29 * 655.46 = 22.60%
Eindra — Test,0,Jun 2025,70.0,100.0,-30.0,900.0,42.86
Eindra — Test,1,Jul 2025,90.32,79.9,10.4272,108.7263,11.54
Eindra — Test,2,Aug 2025,74.19,76.04,-1.8455,3.4058,2.49
Eindra — Test,3,Sep 2025,73.33,39.07,34.2597,1173.7255,46.72
Eindra — Test,4,Oct 2025,70.97,85.17,-14.1999,201.6372,20.01
Eindra — Test,5,Nov 2025,86.67,90.88,-4.2103,17.7269,4.86
Eindra — Test,6,Dec 2025,80.65,100.0,-19.3548,374.6098,24.0
Eindra — Test,7,Jumlah,—,—,—,2779.8314,152.47%
Eindra — Test,8,RMSE,—,—,—,sqrt(1/7 * 2779.8314) = sqrt397.1188 = 19.93%,—
Eindra — Test,9,MAPE,—,—,—,—,1/7 * 152.47 = 21.78%
Eindra — Train,0,Jan 2023,54.84,0.0,54.8387,3007.2841,100.0
Eindra — Train,1,Feb 2023,28.57,0.0,28.5714,816.3265,100.0
Eindra — Train,2,Mar 2023,45.16,0.0,45.1607,2039.4865,100.0
Eindra — Train,3,Apr 2023,56.67,0.0,56.6647,3210.8849,100.0
Eindra — Train,4,May 2023,77.42,0.0,77.4167,5993.3448,100.0
Eindra — Train,5,Jun 2023,86.67,0.0,86.6631,7510.4959,100.0
Eindra — Train,6,Jul 2023,77.42,54.84,22.5764,509.6957,29.16
Eindra — Train,7,Aug 2023,80.65,28.58,52.0701,2711.3,64.57
Eindra — Train,8,Sep 2023,70.0,45.17,24.833,616.6776,35.48
Eindra — Train,9,Oct 2023,67.74,56.67,11.0696,122.5361,16.34
Eindra — Train,10,Nov 2023,50.0,77.42,-27.4234,752.044,54.85
Eindra — Train,11,Dec 2023,67.74,86.67,-18.9258,358.1862,27.94
Eindra — Train,12,Jan 2024,64.52,77.42,-12.9034,166.4988,20.0
Eindra — Train,13,Feb 2024,65.52,80.65,-15.1326,228.9946,23.1
Eindra — Train,14,Mar 2024,70.97,70.01,0.9615,0.9245,1.35
Eindra — Train,15,Apr 2024,66.67,67.75,-1.0845,1.1761,1.63
Eindra — Train,16,May 2024,61.29,49.34,11.9517,142.843,19.5
Eindra — Train,17,Jun 2024,76.67,75.75,0.9158,0.8386,1.19
Eindra — Train,18,Jul 2024,80.65,71.02,9.6296,92.7286,11.94
Eindra — Train,19,Aug 2024,87.1,72.27,14.8282,219.8761,17.02
Eindra — Train,20,Sep 2024,63.33,86.85,-23.5196,553.1727,37.14
Eindra — Train,21,Oct 2024,74.19,57.53,16.6684,277.8343,22.47
Eindra — Train,22,Nov 2024,63.33,62.78,0.5558,0.3089,0.88
Eindra — Train,23,Dec 2024,83.87,88.45,-4.5826,21.0005,5.46
Eindra — Train,24,Jan 2025,67.74,81.18,-13.4414,180.6723,19.84
Eindra — Train,25,Feb 2025,67.86,77.07,-9.2159,84.9332,13.58
Eindra — Train,26,Mar 2025,45.16,48.76,-3.598,12.9457,7.97
Eindra — Train,27,Apr 2025,80.0,67.88,12.1219,146.9403,15.15
Eindra — Train,28,May 2025,87.1,75.66,11.4398,130.8681,13.13
Eindra — Train,29,Jumlah,—,—,—,29910.8187,1059.68%
Eindra — Train,30,RMSE,—,—,—,sqrt(1/29 * 29910.8187) = sqrt1031.4075 = 32.12%,—
Eindra — Train,31,MAPE,—,—,—,—,1/29 * 1059.68 = 36.54%
Esha — Test,0,Jun 2025,76.67,46.64,30.0226,901.3586,39.16
Esha — Test,1,Jul 2025,100.0,43.51,56.4912,3191.2506,56.49
Esha — Test,2,Aug 2025,58.06,69.53,-11.4699,131.5578,19.75
Esha — Test,3,Sep 2025,70.0,46.07,23.9273,572.5134,34.18
Esha — Test,4,Oct 2025,77.42,53.06,24.3565,593.2408,31.46
Esha — Test,5,Nov 2025,90.0,48.19,41.814,1748.4073,46.46
Esha — Test,6,Dec 2025,70.97,67.24,3.7324,13.9307,5.26
Esha — Test,7,Jumlah,—,—,—,7152.2592,232.77%
Esha — Test,8,RMSE,—,—,—,sqrt(1/7 * 7152.2592) = sqrt1021.7513 = 31.96%,—
Esha — Test,9,MAPE,—,—,—,—,1/7 * 232.77 = 33.25%
Esha — Train,0,Jan 2023,70.97,0.0,70.9677,5036.4204,100.0
Esha — Train,1,Feb 2023,50.0,10.06,39.9426,1595.4118,79.89
Esha — Train,2,Mar 2023,77.42,18.6,58.8216,3459.9831,75.98
Esha — Train,3,Apr 2023,40.0,23.07,16.926,286.4883,42.31
Esha — Train,4,May 2023,74.19,100.0,-25.8065,665.9729,34.78
Esha — Train,5,Jun 2023,76.67,63.39,13.2766,176.2689,17.32
Esha — Train,6,Jul 2023,90.32,91.61,-1.287,1.6565,1.42
Esha — Train,7,Aug 2023,77.42,52.08,25.3354,641.8837,32.72
Esha — Train,8,Sep 2023,46.67,65.95,-19.2826,371.8171,41.32
Esha — Train,9,Oct 2023,67.74,71.08,-3.3334,11.1117,4.92
Esha — Train,10,Nov 2023,53.33,69.84,-16.5043,272.3909,30.95
Esha — Train,11,Dec 2023,54.84,68.31,-13.4711,181.4707,24.56
Esha — Train,12,Jan 2024,45.16,37.42,7.7452,59.9881,17.15
Esha — Train,13,Feb 2024,55.17,57.93,-2.7546,7.5877,4.99
Esha — Train,14,Mar 2024,48.39,41.19,7.1952,51.7707,14.87
Esha — Train,15,Apr 2024,43.33,35.45,7.8877,62.2151,18.2
Esha — Train,16,May 2024,70.97,63.26,7.7121,59.4771,10.87
Esha — Train,17,Jun 2024,66.67,63.18,3.4865,12.1555,5.23
Esha — Train,18,Jul 2024,64.52,70.91,-6.3943,40.8872,9.91
Esha — Train,19,Aug 2024,64.52,53.95,10.5672,111.6658,16.38
Esha — Train,20,Sep 2024,83.33,81.14,2.1897,4.7949,2.63
Esha — Train,21,Oct 2024,77.42,80.22,-2.8003,7.8414,3.62
Esha — Train,22,Nov 2024,66.67,72.62,-5.9536,35.4453,8.93
Esha — Train,23,Dec 2024,70.97,74.16,-3.1876,10.1607,4.49
Esha — Train,24,Jan 2025,67.74,72.01,-4.2657,18.1961,6.3
Esha — Train,25,Feb 2025,57.14,71.71,-14.5666,212.1849,25.49
Esha — Train,26,Mar 2025,51.61,53.06,-1.4507,2.1045,2.81
Esha — Train,27,Apr 2025,73.33,55.73,17.6081,310.0469,24.01
Esha — Train,28,May 2025,45.16,59.47,-14.3107,204.7971,31.69
Esha — Train,29,Jumlah,—,—,—,13912.195,693.75%
Esha — Train,30,RMSE,—,—,—,sqrt(1/29 * 13912.1950) = sqrt479.7309 = 21.90%,—
Esha — Train,31,MAPE,—,—,—,—,1/29 * 693.75 = 23.92%
Ozamiz — Test,0,Jun 2025,76.67,57.66,19.0081,361.3086,24.79
Ozamiz — Test,1,Jul 2025,93.55,90.67,2.8813,8.3019,3.08
Ozamiz — Test,2,Aug 2025,80.65,75.62,5.0214,25.2149,6.23
Ozamiz — Test,3,Sep 2025,56.67,46.3,10.3699,107.5342,18.3
Ozamiz — Test,4,Oct 2025,58.06,81.25,-23.1816,537.3866,39.92
Ozamiz — Test,5,Nov 2025,63.33,54.25,9.087,82.5742,14.35
Ozamiz — Test,6,Dec 2025,87.1,59.51,27.5823,760.7847,31.67
Ozamiz — Test,7,Jumlah,—,—,—,1883.105,138.34%
Ozamiz — Test,8,RMSE,—,—,—,sqrt(1/7 * 1883.1050) = sqrt269.0150 = 16.40%,—
Ozamiz — Test,9,MAPE,—,—,—,—,1/7 * 138.34 = 19.76%
Ozamiz — Train,0,Jan 2023,93.55,0.0,93.5484,8751.3007,100.0
Ozamiz — Train,1,Feb 2023,50.0,0.0,50.0,2500.0,100.0
Ozamiz — Train,2,Mar 2023,25.81,0.0,25.8065,665.9729,100.0
Ozamiz — Train,3,Apr 2023,60.0,0.0,60.0,3600.0,100.0
Ozamiz — Train,4,May 2023,61.29,0.0,61.2903,3756.5036,100.0
Ozamiz — Train,5,Jun 2023,60.0,0.0,60.0,3600.0,100.0
Ozamiz — Train,6,Jul 2023,64.52,93.55,-29.0316,842.8343,45.0
Ozamiz — Train,7,Aug 2023,51.61,50.0,1.6165,2.6132,3.13
Ozamiz — Train,8,Sep 2023,63.33,25.81,37.5278,1408.3347,59.25
Ozamiz — Train,9,Oct 2023,77.42,60.0,17.4243,303.6055,22.51
Ozamiz — Train,10,Nov 2023,60.0,61.28,-1.2845,1.6501,2.14
Ozamiz — Train,11,Dec 2023,58.06,59.99,-1.9305,3.7266,3.32
Ozamiz — Train,12,Jan 2024,93.55,64.52,29.0262,842.5204,31.03
Ozamiz — Train,13,Feb 2024,48.28,51.61,-3.3369,11.135,6.91
Ozamiz — Train,14,Mar 2024,25.81,63.33,-37.5197,1407.726,145.39
Ozamiz — Train,15,Apr 2024,80.0,77.42,2.582,6.6669,3.23
Ozamiz — Train,16,May 2024,35.48,59.81,-24.3251,591.7122,68.55
Ozamiz — Train,17,Jun 2024,70.0,59.85,10.1496,103.014,14.5
Ozamiz — Train,18,Jul 2024,100.0,94.2,5.795,33.5825,5.8
Ozamiz — Train,19,Aug 2024,93.55,47.24,46.3107,2144.6837,49.5
Ozamiz — Train,20,Sep 2024,76.67,21.01,55.6611,3098.156,72.6
Ozamiz — Train,21,Oct 2024,77.42,73.36,4.0611,16.4923,5.25
Ozamiz — Train,22,Nov 2024,53.33,45.69,7.6442,58.4341,14.33
Ozamiz — Train,23,Dec 2024,51.61,62.82,-11.2077,125.6121,21.71
Ozamiz — Train,24,Jan 2025,80.65,97.02,-16.3724,268.0551,20.3
Ozamiz — Train,25,Feb 2025,85.71,71.59,14.1238,199.4831,16.48
Ozamiz — Train,26,Mar 2025,32.26,49.3,-17.0411,290.3989,52.83
Ozamiz — Train,27,Apr 2025,93.33,78.81,14.5231,210.9217,15.56
Ozamiz — Train,28,May 2025,74.19,48.89,25.3002,640.099,34.1
Ozamiz — Train,29,Jumlah,—,—,—,35485.2346,1313.43%
Ozamiz — Train,30,RMSE,—,—,—,sqrt(1/29 * 35485.2346) = sqrt1223.6288 = 34.98%,—
Ozamiz — Train,31,MAPE,—,—,—,—,1/29 * 1313.43 = 45.29%
