date,vila,forecast,lower_80ci,upper_80ci,year_month
2026-01-01,Briana Villas,96.81,62.22,100.0,2026-01
2026-01-02,Briana Villas,95.7,56.64,100.0,2026-01
2026-01-03,Briana Villas,94.95,54.69,100.0,2026-01
2026-01-04,Briana Villas,94.22,53.6,100.0,2026-01
2026-01-05,Briana Villas,94.02,53.27,100.0,2026-01
2026-01-06,Briana Villas,93.92,53.12,100.0,2026-01
2026-01-07,Briana Villas,93.89,53.06,100.0,2026-01
2026-01-08,Briana Villas,94.03,53.2,100.0,2026-01
2026-01-09,Briana Villas,94.1,53.27,100.0,2026-01
2026-01-10,Briana Villas,94.14,53.3,100.0,2026-01
2026-01-11,Briana Villas,94.16,53.32,100.0,2026-01
2026-01-12,Briana Villas,94.17,53.32,100.0,2026-01
2026-01-13,Briana Villas,94.17,53.32,100.0,2026-01
2026-01-14,Briana Villas,94.18,53.32,100.0,2026-01
2026-01-15,Briana Villas,94.18,53.31,100.0,2026-01
2026-01-16,Briana Villas,94.18,53.3,100.0,2026-01
2026-01-17,Briana Villas,94.18,53.29,100.0,2026-01
2026-01-18,Briana Villas,94.18,53.29,100.0,2026-01
2026-01-19,Briana Villas,94.18,53.28,100.0,2026-01
2026-01-20,Briana Villas,94.18,53.27,100.0,2026-01
2026-01-21,Briana Villas,94.18,53.26,100.0,2026-01
2026-01-22,Briana Villas,94.18,53.25,100.0,2026-01
2026-01-23,Briana Villas,94.18,53.25,100.0,2026-01
2026-01-24,Briana Villas,94.18,53.24,100.0,2026-01
2026-01-25,Briana Villas,94.18,53.23,100.0,2026-01
2026-01-26,Briana Villas,94.18,53.22,100.0,2026-01
2026-01-27,Briana Villas,94.18,53.21,100.0,2026-01
2026-01-28,Briana Villas,94.18,53.2,100.0,2026-01
2026-01-29,Briana Villas,94.18,53.2,100.0,2026-01
2026-01-30,Briana Villas,94.18,53.19,100.0,2026-01
2026-01-31,Briana Villas,94.18,53.18,100.0,2026-01
2026-02-01,Briana Villas,94.18,53.17,100.0,2026-02
2026-02-02,Briana Villas,94.18,53.16,100.0,2026-02
2026-02-03,Briana Villas,94.18,53.16,100.0,2026-02
2026-02-04,Briana Villas,94.18,53.15,100.0,2026-02
2026-02-05,Briana Villas,94.18,53.14,100.0,2026-02
2026-02-06,Briana Villas,94.18,53.13,100.0,2026-02
2026-02-07,Briana Villas,94.18,53.12,100.0,2026-02
2026-02-08,Briana Villas,94.18,53.11,100.0,2026-02
2026-02-09,Briana Villas,94.18,53.11,100.0,2026-02
2026-02-10,Briana Villas,94.18,53.1,100.0,2026-02
2026-02-11,Briana Villas,94.18,53.09,100.0,2026-02
2026-02-12,Briana Villas,94.18,53.08,100.0,2026-02
2026-02-13,Briana Villas,94.18,53.07,100.0,2026-02
2026-02-14,Briana Villas,94.18,53.07,100.0,2026-02
2026-02-15,Briana Villas,94.18,53.06,100.0,2026-02
2026-02-16,Briana Villas,94.18,53.05,100.0,2026-02
2026-02-17,Briana Villas,94.18,53.04,100.0,2026-02
2026-02-18,Briana Villas,94.18,53.03,100.0,2026-02
2026-02-19,Briana Villas,94.18,53.02,100.0,2026-02
2026-02-20,Briana Villas,94.18,53.02,100.0,2026-02
2026-02-21,Briana Villas,94.18,53.01,100.0,2026-02
2026-02-22,Briana Villas,94.18,53.0,100.0,2026-02
2026-02-23,Briana Villas,94.18,52.99,100.0,2026-02
2026-02-24,Briana Villas,94.18,52.98,100.0,2026-02
2026-02-25,Briana Villas,94.18,52.98,100.0,2026-02
2026-02-26,Briana Villas,94.18,52.97,100.0,2026-02
2026-02-27,Briana Villas,94.18,52.96,100.0,2026-02
2026-02-28,Briana Villas,94.18,52.95,100.0,2026-02
2026-03-01,Briana Villas,94.18,52.94,100.0,2026-03
2026-03-02,Briana Villas,94.18,52.94,100.0,2026-03
2026-03-03,Briana Villas,94.18,52.93,100.0,2026-03
2026-03-04,Briana Villas,94.18,52.92,100.0,2026-03
2026-03-05,Briana Villas,94.18,52.91,100.0,2026-03
2026-03-06,Briana Villas,94.18,52.9,100.0,2026-03
2026-03-07,Briana Villas,94.18,52.9,100.0,2026-03
2026-03-08,Briana Villas,94.18,52.89,100.0,2026-03
2026-03-09,Briana Villas,94.18,52.88,100.0,2026-03
2026-03-10,Briana Villas,94.18,52.87,100.0,2026-03
2026-03-11,Briana Villas,94.18,52.86,100.0,2026-03
2026-03-12,Briana Villas,94.18,52.85,100.0,2026-03
2026-03-13,Briana Villas,94.18,52.85,100.0,2026-03
2026-03-14,Briana Villas,94.18,52.84,100.0,2026-03
2026-03-15,Briana Villas,94.18,52.83,100.0,2026-03
2026-03-16,Briana Villas,94.18,52.82,100.0,2026-03
2026-03-17,Briana Villas,94.18,52.81,100.0,2026-03
2026-03-18,Briana Villas,94.18,52.81,100.0,2026-03
2026-03-19,Briana Villas,94.18,52.8,100.0,2026-03
2026-03-20,Briana Villas,94.18,52.79,100.0,2026-03
2026-03-21,Briana Villas,94.18,52.78,100.0,2026-03
2026-03-22,Briana Villas,94.18,52.77,100.0,2026-03
2026-03-23,Briana Villas,94.18,52.77,100.0,2026-03
2026-03-24,Briana Villas,94.18,52.76,100.0,2026-03
2026-03-25,Briana Villas,94.18,52.75,100.0,2026-03
2026-03-26,Briana Villas,94.18,52.74,100.0,2026-03
2026-03-27,Briana Villas,94.18,52.73,100.0,2026-03
2026-03-28,Briana Villas,94.18,52.73,100.0,2026-03
2026-03-29,Briana Villas,94.18,52.72,100.0,2026-03
2026-03-30,Briana Villas,94.18,52.71,100.0,2026-03
2026-03-31,Briana Villas,94.18,52.7,100.0,2026-03
2026-04-01,Briana Villas,94.18,52.69,100.0,2026-04
2026-04-02,Briana Villas,94.18,52.68,100.0,2026-04
2026-04-03,Briana Villas,94.18,52.68,100.0,2026-04
2026-04-04,Briana Villas,94.18,52.67,100.0,2026-04
2026-04-05,Briana Villas,94.18,52.66,100.0,2026-04
2026-04-06,Briana Villas,94.18,52.65,100.0,2026-04
2026-04-07,Briana Villas,94.18,52.64,100.0,2026-04
2026-04-08,Briana Villas,94.18,52.64,100.0,2026-04
2026-04-09,Briana Villas,94.18,52.63,100.0,2026-04
2026-04-10,Briana Villas,94.18,52.62,100.0,2026-04
2026-04-11,Briana Villas,94.18,52.61,100.0,2026-04
2026-04-12,Briana Villas,94.18,52.6,100.0,2026-04
2026-04-13,Briana Villas,94.18,52.6,100.0,2026-04
2026-04-14,Briana Villas,94.18,52.59,100.0,2026-04
2026-04-15,Briana Villas,94.18,52.58,100.0,2026-04
2026-04-16,Briana Villas,94.18,52.57,100.0,2026-04
2026-04-17,Briana Villas,94.18,52.56,100.0,2026-04
2026-04-18,Briana Villas,94.18,52.56,100.0,2026-04
2026-04-19,Briana Villas,94.18,52.55,100.0,2026-04
2026-04-20,Briana Villas,94.18,52.54,100.0,2026-04
2026-04-21,Briana Villas,94.18,52.53,100.0,2026-04
2026-04-22,Briana Villas,94.18,52.52,100.0,2026-04
2026-04-23,Briana Villas,94.18,52.52,100.0,2026-04
2026-04-24,Briana Villas,94.18,52.51,100.0,2026-04
2026-04-25,Briana Villas,94.18,52.5,100.0,2026-04
2026-04-26,Briana Villas,94.18,52.49,100.0,2026-04
2026-04-27,Briana Villas,94.18,52.48,100.0,2026-04
2026-04-28,Briana Villas,94.18,52.48,100.0,2026-04
2026-04-29,Briana Villas,94.18,52.47,100.0,2026-04
2026-04-30,Briana Villas,94.18,52.46,100.0,2026-04
2026-05-01,Briana Villas,94.18,52.45,100.0,2026-05
2026-05-02,Briana Villas,94.18,52.44,100.0,2026-05
2026-05-03,Briana Villas,94.18,52.44,100.0,2026-05
2026-05-04,Briana Villas,94.18,52.43,100.0,2026-05
2026-05-05,Briana Villas,94.18,52.42,100.0,2026-05
2026-05-06,Briana Villas,94.18,52.41,100.0,2026-05
2026-05-07,Briana Villas,94.18,52.4,100.0,2026-05
2026-05-08,Briana Villas,94.18,52.4,100.0,2026-05
2026-05-09,Briana Villas,94.18,52.39,100.0,2026-05
2026-05-10,Briana Villas,94.18,52.38,100.0,2026-05
2026-05-11,Briana Villas,94.18,52.37,100.0,2026-05
2026-05-12,Briana Villas,94.18,52.36,100.0,2026-05
2026-05-13,Briana Villas,94.18,52.36,100.0,2026-05
2026-05-14,Briana Villas,94.18,52.35,100.0,2026-05
2026-05-15,Briana Villas,94.18,52.34,100.0,2026-05
2026-05-16,Briana Villas,94.18,52.33,100.0,2026-05
2026-05-17,Briana Villas,94.18,52.32,100.0,2026-05
2026-05-18,Briana Villas,94.18,52.32,100.0,2026-05
2026-05-19,Briana Villas,94.18,52.31,100.0,2026-05
2026-05-20,Briana Villas,94.18,52.3,100.0,2026-05
2026-05-21,Briana Villas,94.18,52.29,100.0,2026-05
2026-05-22,Briana Villas,94.18,52.28,100.0,2026-05
2026-05-23,Briana Villas,94.18,52.28,100.0,2026-05
2026-05-24,Briana Villas,94.18,52.27,100.0,2026-05
2026-05-25,Briana Villas,94.18,52.26,100.0,2026-05
2026-05-26,Briana Villas,94.18,52.25,100.0,2026-05
2026-05-27,Briana Villas,94.18,52.24,100.0,2026-05
2026-05-28,Briana Villas,94.18,52.24,100.0,2026-05
2026-05-29,Briana Villas,94.18,52.23,100.0,2026-05
2026-05-30,Briana Villas,94.18,52.22,100.0,2026-05
2026-05-31,Briana Villas,94.18,52.21,100.0,2026-05
2026-06-01,Briana Villas,94.18,52.2,100.0,2026-06
2026-06-02,Briana Villas,94.18,52.2,100.0,2026-06
2026-06-03,Briana Villas,94.18,52.19,100.0,2026-06
2026-06-04,Briana Villas,94.18,52.18,100.0,2026-06
2026-06-05,Briana Villas,94.18,52.17,100.0,2026-06
2026-06-06,Briana Villas,94.18,52.16,100.0,2026-06
2026-06-07,Briana Villas,94.18,52.16,100.0,2026-06
2026-06-08,Briana Villas,94.18,52.15,100.0,2026-06
2026-06-09,Briana Villas,94.18,52.14,100.0,2026-06
2026-06-10,Briana Villas,94.18,52.13,100.0,2026-06
2026-06-11,Briana Villas,94.18,52.12,100.0,2026-06
2026-06-12,Briana Villas,94.18,52.12,100.0,2026-06
2026-06-13,Briana Villas,94.18,52.11,100.0,2026-06
2026-06-14,Briana Villas,94.18,52.1,100.0,2026-06
2026-06-15,Briana Villas,94.18,52.09,100.0,2026-06
2026-06-16,Briana Villas,94.18,52.08,100.0,2026-06
2026-06-17,Briana Villas,94.18,52.08,100.0,2026-06
2026-06-18,Briana Villas,94.18,52.07,100.0,2026-06
2026-06-19,Briana Villas,94.18,52.06,100.0,2026-06
2026-06-20,Briana Villas,94.18,52.05,100.0,2026-06
2026-06-21,Briana Villas,94.18,52.04,100.0,2026-06
2026-06-22,Briana Villas,94.18,52.04,100.0,2026-06
2026-06-23,Briana Villas,94.18,52.03,100.0,2026-06
2026-06-24,Briana Villas,94.18,52.02,100.0,2026-06
2026-06-25,Briana Villas,94.18,52.01,100.0,2026-06
2026-06-26,Briana Villas,94.18,52.0,100.0,2026-06
2026-06-27,Briana Villas,94.18,52.0,100.0,2026-06
2026-06-28,Briana Villas,94.18,51.99,100.0,2026-06
2026-06-29,Briana Villas,94.18,51.98,100.0,2026-06
2026-01-01,Castello Villas,92.35,69.84,100.0,2026-01
2026-01-02,Castello Villas,88.77,62.68,100.0,2026-01
2026-01-03,Castello Villas,84.28,56.38,100.0,2026-01
2026-01-04,Castello Villas,83.62,54.67,100.0,2026-01
2026-01-05,Castello Villas,68.03,38.39,97.67,2026-01
2026-01-06,Castello Villas,72.44,42.29,100.0,2026-01
2026-01-07,Castello Villas,71.5,40.96,100.0,2026-01
2026-01-08,Castello Villas,60.83,29.97,91.68,2026-01
2026-01-09,Castello Villas,60.1,28.96,91.24,2026-01
2026-01-10,Castello Villas,61.14,29.73,92.55,2026-01
2026-01-11,Castello Villas,60.27,28.61,91.93,2026-01
2026-01-12,Castello Villas,70.2,38.3,100.0,2026-01
2026-01-13,Castello Villas,66.59,34.45,98.73,2026-01
2026-01-14,Castello Villas,66.89,34.51,99.26,2026-01
2026-01-15,Castello Villas,74.91,42.5,100.0,2026-01
2026-01-16,Castello Villas,75.66,43.17,100.0,2026-01
2026-01-17,Castello Villas,75.35,42.74,100.0,2026-01
2026-01-18,Castello Villas,75.97,43.23,100.0,2026-01
2026-01-19,Castello Villas,70.81,37.91,100.0,2026-01
2026-01-20,Castello Villas,72.78,39.73,100.0,2026-01
2026-01-21,Castello Villas,72.67,39.45,100.0,2026-01
2026-01-22,Castello Villas,68.31,34.71,100.0,2026-01
2026-01-23,Castello Villas,67.86,33.98,100.0,2026-01
2026-01-24,Castello Villas,67.95,33.82,100.0,2026-01
2026-01-25,Castello Villas,67.62,33.26,100.0,2026-01
2026-01-26,Castello Villas,70.07,35.49,100.0,2026-01
2026-01-27,Castello Villas,69.11,34.32,100.0,2026-01
2026-01-28,Castello Villas,69.16,34.16,100.0,2026-01
2026-01-29,Castello Villas,71.27,36.16,100.0,2026-01
2026-01-30,Castello Villas,71.5,36.24,100.0,2026-01
2026-01-31,Castello Villas,71.47,36.05,100.0,2026-01
2026-02-01,Castello Villas,71.63,36.05,100.0,2026-02
2026-02-02,Castello Villas,70.51,34.77,100.0,2026-02
2026-02-03,Castello Villas,70.95,35.04,100.0,2026-02
2026-02-04,Castello Villas,70.94,34.85,100.0,2026-02
2026-02-05,Castello Villas,69.96,33.66,100.0,2026-02
2026-02-06,Castello Villas,69.86,33.36,100.0,2026-02
2026-02-07,Castello Villas,69.87,33.18,100.0,2026-02
2026-02-08,Castello Villas,69.79,32.92,100.0,2026-02
2026-02-09,Castello Villas,70.29,33.24,100.0,2026-02
2026-02-10,Castello Villas,70.09,32.86,100.0,2026-02
2026-02-11,Castello Villas,70.1,32.69,100.0,2026-02
2026-02-12,Castello Villas,70.53,32.97,100.0,2026-02
2026-02-13,Castello Villas,70.58,32.85,100.0,2026-02
2026-02-14,Castello Villas,70.58,32.68,100.0,2026-02
2026-02-15,Castello Villas,70.61,32.55,100.0,2026-02
2026-02-16,Castello Villas,70.39,32.17,100.0,2026-02
2026-02-17,Castello Villas,70.48,32.09,100.0,2026-02
2026-02-18,Castello Villas,70.48,31.92,100.0,2026-02
2026-02-19,Castello Villas,70.29,31.55,100.0,2026-02
2026-02-20,Castello Villas,70.27,31.36,100.0,2026-02
2026-02-21,Castello Villas,70.27,31.19,100.0,2026-02
2026-02-22,Castello Villas,70.25,31.01,100.0,2026-02
2026-02-23,Castello Villas,70.35,30.94,100.0,2026-02
2026-02-24,Castello Villas,70.31,30.74,100.0,2026-02
2026-02-25,Castello Villas,70.31,30.58,100.0,2026-02
2026-02-26,Castello Villas,70.39,30.5,100.0,2026-02
2026-02-27,Castello Villas,70.4,30.35,100.0,2026-02
2026-02-28,Castello Villas,70.4,30.19,100.0,2026-02
2026-03-01,Castello Villas,70.41,30.03,100.0,2026-03
2026-03-02,Castello Villas,70.37,29.83,100.0,2026-03
2026-03-03,Castello Villas,70.38,29.69,100.0,2026-03
2026-03-04,Castello Villas,70.38,29.53,100.0,2026-03
2026-03-05,Castello Villas,70.35,29.34,100.0,2026-03
2026-03-06,Castello Villas,70.34,29.18,100.0,2026-03
2026-03-07,Castello Villas,70.34,29.02,100.0,2026-03
2026-03-08,Castello Villas,70.34,28.86,100.0,2026-03
2026-03-09,Castello Villas,70.36,28.72,100.0,2026-03
2026-03-10,Castello Villas,70.35,28.56,100.0,2026-03
2026-03-11,Castello Villas,70.35,28.4,100.0,2026-03
2026-03-12,Castello Villas,70.37,28.27,100.0,2026-03
2026-03-13,Castello Villas,70.37,28.12,100.0,2026-03
2026-03-14,Castello Villas,70.37,27.96,100.0,2026-03
2026-03-15,Castello Villas,70.37,27.81,100.0,2026-03
2026-03-16,Castello Villas,70.36,27.65,100.0,2026-03
2026-03-17,Castello Villas,70.37,27.5,100.0,2026-03
2026-03-18,Castello Villas,70.37,27.35,100.0,2026-03
2026-03-19,Castello Villas,70.36,27.2,100.0,2026-03
2026-03-20,Castello Villas,70.36,27.05,100.0,2026-03
2026-03-21,Castello Villas,70.36,26.9,100.0,2026-03
2026-03-22,Castello Villas,70.36,26.75,100.0,2026-03
2026-03-23,Castello Villas,70.36,26.6,100.0,2026-03
2026-03-24,Castello Villas,70.36,26.45,100.0,2026-03
2026-03-25,Castello Villas,70.36,26.31,100.0,2026-03
2026-03-26,Castello Villas,70.36,26.16,100.0,2026-03
2026-03-27,Castello Villas,70.36,26.02,100.0,2026-03
2026-03-28,Castello Villas,70.36,25.87,100.0,2026-03
2026-03-29,Castello Villas,70.36,25.73,100.0,2026-03
2026-03-30,Castello Villas,70.36,25.58,100.0,2026-03
2026-03-31,Castello Villas,70.36,25.44,100.0,2026-03
2026-04-01,Castello Villas,70.36,25.29,100.0,2026-04
2026-04-02,Castello Villas,70.36,25.15,100.0,2026-04
2026-04-03,Castello Villas,70.36,25.01,100.0,2026-04
2026-04-04,Castello Villas,70.36,24.86,100.0,2026-04
2026-04-05,Castello Villas,70.36,24.72,100.0,2026-04
2026-04-06,Castello Villas,70.36,24.58,100.0,2026-04
2026-04-07,Castello Villas,70.36,24.44,100.0,2026-04
2026-04-08,Castello Villas,70.36,24.3,100.0,2026-04
2026-04-09,Castello Villas,70.36,24.16,100.0,2026-04
2026-04-10,Castello Villas,70.36,24.02,100.0,2026-04
2026-04-11,Castello Villas,70.36,23.88,100.0,2026-04
2026-04-12,Castello Villas,70.36,23.74,100.0,2026-04
2026-04-13,Castello Villas,70.36,23.6,100.0,2026-04
2026-04-14,Castello Villas,70.36,23.47,100.0,2026-04
2026-04-15,Castello Villas,70.36,23.33,100.0,2026-04
2026-04-16,Castello Villas,70.36,23.19,100.0,2026-04
2026-04-17,Castello Villas,70.36,23.05,100.0,2026-04
2026-04-18,Castello Villas,70.36,22.92,100.0,2026-04
2026-04-19,Castello Villas,70.36,22.78,100.0,2026-04
2026-04-20,Castello Villas,70.36,22.65,100.0,2026-04
2026-04-21,Castello Villas,70.36,22.51,100.0,2026-04
2026-04-22,Castello Villas,70.36,22.38,100.0,2026-04
2026-04-23,Castello Villas,70.36,22.24,100.0,2026-04
2026-04-24,Castello Villas,70.36,22.11,100.0,2026-04
2026-04-25,Castello Villas,70.36,21.97,100.0,2026-04
2026-04-26,Castello Villas,70.36,21.84,100.0,2026-04
2026-04-27,Castello Villas,70.36,21.71,100.0,2026-04
2026-04-28,Castello Villas,70.36,21.57,100.0,2026-04
2026-04-29,Castello Villas,70.36,21.44,100.0,2026-04
2026-04-30,Castello Villas,70.36,21.31,100.0,2026-04
2026-05-01,Castello Villas,70.36,21.18,100.0,2026-05
2026-05-02,Castello Villas,70.36,21.05,100.0,2026-05
2026-05-03,Castello Villas,70.36,20.92,100.0,2026-05
2026-05-04,Castello Villas,70.36,20.78,100.0,2026-05
2026-05-05,Castello Villas,70.36,20.65,100.0,2026-05
2026-05-06,Castello Villas,70.36,20.52,100.0,2026-05
2026-05-07,Castello Villas,70.36,20.39,100.0,2026-05
2026-05-08,Castello Villas,70.36,20.27,100.0,2026-05
2026-05-09,Castello Villas,70.36,20.14,100.0,2026-05
2026-05-10,Castello Villas,70.36,20.01,100.0,2026-05
2026-05-11,Castello Villas,70.36,19.88,100.0,2026-05
2026-05-12,Castello Villas,70.36,19.75,100.0,2026-05
2026-05-13,Castello Villas,70.36,19.62,100.0,2026-05
2026-05-14,Castello Villas,70.36,19.5,100.0,2026-05
2026-05-15,Castello Villas,70.36,19.37,100.0,2026-05
2026-05-16,Castello Villas,70.36,19.24,100.0,2026-05
2026-05-17,Castello Villas,70.36,19.12,100.0,2026-05
2026-05-18,Castello Villas,70.36,18.99,100.0,2026-05
2026-05-19,Castello Villas,70.36,18.87,100.0,2026-05
2026-05-20,Castello Villas,70.36,18.74,100.0,2026-05
2026-05-21,Castello Villas,70.36,18.61,100.0,2026-05
2026-05-22,Castello Villas,70.36,18.49,100.0,2026-05
2026-05-23,Castello Villas,70.36,18.37,100.0,2026-05
2026-05-24,Castello Villas,70.36,18.24,100.0,2026-05
2026-05-25,Castello Villas,70.36,18.12,100.0,2026-05
2026-05-26,Castello Villas,70.36,17.99,100.0,2026-05
2026-05-27,Castello Villas,70.36,17.87,100.0,2026-05
2026-05-28,Castello Villas,70.36,17.75,100.0,2026-05
2026-05-29,Castello Villas,70.36,17.62,100.0,2026-05
2026-05-30,Castello Villas,70.36,17.5,100.0,2026-05
2026-05-31,Castello Villas,70.36,17.38,100.0,2026-05
2026-06-01,Castello Villas,70.36,17.26,100.0,2026-06
2026-06-02,Castello Villas,70.36,17.14,100.0,2026-06
2026-06-03,Castello Villas,70.36,17.01,100.0,2026-06
2026-06-04,Castello Villas,70.36,16.89,100.0,2026-06
2026-06-05,Castello Villas,70.36,16.77,100.0,2026-06
2026-06-06,Castello Villas,70.36,16.65,100.0,2026-06
2026-06-07,Castello Villas,70.36,16.53,100.0,2026-06
2026-06-08,Castello Villas,70.36,16.41,100.0,2026-06
2026-06-09,Castello Villas,70.36,16.29,100.0,2026-06
2026-06-10,Castello Villas,70.36,16.17,100.0,2026-06
2026-06-11,Castello Villas,70.36,16.05,100.0,2026-06
2026-06-12,Castello Villas,70.36,15.93,100.0,2026-06
2026-06-13,Castello Villas,70.36,15.82,100.0,2026-06
2026-06-14,Castello Villas,70.36,15.7,100.0,2026-06
2026-06-15,Castello Villas,70.36,15.58,100.0,2026-06
2026-06-16,Castello Villas,70.36,15.46,100.0,2026-06
2026-06-17,Castello Villas,70.36,15.34,100.0,2026-06
2026-06-18,Castello Villas,70.36,15.23,100.0,2026-06
2026-06-19,Castello Villas,70.36,15.11,100.0,2026-06
2026-06-20,Castello Villas,70.36,14.99,100.0,2026-06
2026-06-21,Castello Villas,70.36,14.88,100.0,2026-06
2026-06-22,Castello Villas,70.36,14.76,100.0,2026-06
2026-06-23,Castello Villas,70.36,14.64,100.0,2026-06
2026-06-24,Castello Villas,70.36,14.53,100.0,2026-06
2026-06-25,Castello Villas,70.36,14.41,100.0,2026-06
2026-06-26,Castello Villas,70.36,14.3,100.0,2026-06
2026-06-27,Castello Villas,70.36,14.18,100.0,2026-06
2026-06-28,Castello Villas,70.36,14.07,100.0,2026-06
2026-06-29,Castello Villas,70.36,13.95,100.0,2026-06
2026-01-01,Elina Villas,50.49,15.32,85.67,2026-01
2026-01-02,Elina Villas,61.62,15.1,100.0,2026-01
2026-01-03,Elina Villas,72.02,19.94,100.0,2026-01
2026-01-04,Elina Villas,70.87,16.05,100.0,2026-01
2026-01-05,Elina Villas,71.18,13.76,100.0,2026-01
2026-01-06,Elina Villas,71.17,11.26,100.0,2026-01
2026-01-07,Elina Villas,76.92,14.62,100.0,2026-01
2026-01-08,Elina Villas,76.14,12.4,100.0,2026-01
2026-01-09,Elina Villas,74.99,9.75,100.0,2026-01
2026-01-10,Elina Villas,74.05,7.18,100.0,2026-01
2026-01-11,Elina Villas,73.6,5.01,100.0,2026-01
2026-01-12,Elina Villas,73.72,3.43,100.0,2026-01
2026-01-13,Elina Villas,73.72,1.78,100.0,2026-01
2026-01-14,Elina Villas,75.94,2.39,100.0,2026-01
2026-01-15,Elina Villas,75.64,0.78,100.0,2026-01
2026-01-16,Elina Villas,75.19,0.0,100.0,2026-01
2026-01-17,Elina Villas,74.83,0.0,100.0,2026-01
2026-01-18,Elina Villas,74.66,0.0,100.0,2026-01
2026-01-19,Elina Villas,74.7,0.0,100.0,2026-01
2026-01-20,Elina Villas,74.7,0.0,100.0,2026-01
2026-01-21,Elina Villas,75.56,0.0,100.0,2026-01
2026-01-22,Elina Villas,75.44,0.0,100.0,2026-01
2026-01-23,Elina Villas,75.27,0.0,100.0,2026-01
2026-01-24,Elina Villas,75.13,0.0,100.0,2026-01
2026-01-25,Elina Villas,75.07,0.0,100.0,2026-01
2026-01-26,Elina Villas,75.08,0.0,100.0,2026-01
2026-01-27,Elina Villas,75.08,0.0,100.0,2026-01
2026-01-28,Elina Villas,75.41,0.0,100.0,2026-01
2026-01-29,Elina Villas,75.37,0.0,100.0,2026-01
2026-01-30,Elina Villas,75.3,0.0,100.0,2026-01
2026-01-31,Elina Villas,75.25,0.0,100.0,2026-01
2026-02-01,Elina Villas,75.22,0.0,100.0,2026-02
2026-02-02,Elina Villas,75.23,0.0,100.0,2026-02
2026-02-03,Elina Villas,75.23,0.0,100.0,2026-02
2026-02-04,Elina Villas,75.36,0.0,100.0,2026-02
2026-02-05,Elina Villas,75.34,0.0,100.0,2026-02
2026-02-06,Elina Villas,75.31,0.0,100.0,2026-02
2026-02-07,Elina Villas,75.29,0.0,100.0,2026-02
2026-02-08,Elina Villas,75.28,0.0,100.0,2026-02
2026-02-09,Elina Villas,75.29,0.0,100.0,2026-02
2026-02-10,Elina Villas,75.29,0.0,100.0,2026-02
2026-02-11,Elina Villas,75.33,0.0,100.0,2026-02
2026-02-12,Elina Villas,75.33,0.0,100.0,2026-02
2026-02-13,Elina Villas,75.32,0.0,100.0,2026-02
2026-02-14,Elina Villas,75.31,0.0,100.0,2026-02
2026-02-15,Elina Villas,75.31,0.0,100.0,2026-02
2026-02-16,Elina Villas,75.31,0.0,100.0,2026-02
2026-02-17,Elina Villas,75.31,0.0,100.0,2026-02
2026-02-18,Elina Villas,75.33,0.0,100.0,2026-02
2026-02-19,Elina Villas,75.32,0.0,100.0,2026-02
2026-02-20,Elina Villas,75.32,0.0,100.0,2026-02
2026-02-21,Elina Villas,75.32,0.0,100.0,2026-02
2026-02-22,Elina Villas,75.31,0.0,100.0,2026-02
2026-02-23,Elina Villas,75.32,0.0,100.0,2026-02
2026-02-24,Elina Villas,75.32,0.0,100.0,2026-02
2026-02-25,Elina Villas,75.32,0.0,100.0,2026-02
2026-02-26,Elina Villas,75.32,0.0,100.0,2026-02
2026-02-27,Elina Villas,75.32,0.0,100.0,2026-02
2026-02-28,Elina Villas,75.32,0.0,100.0,2026-02
2026-03-01,Elina Villas,75.32,0.0,100.0,2026-03
2026-03-02,Elina Villas,75.32,0.0,100.0,2026-03
2026-03-03,Elina Villas,75.32,0.0,100.0,2026-03
2026-03-04,Elina Villas,75.32,0.0,100.0,2026-03
2026-03-05,Elina Villas,75.32,0.0,100.0,2026-03
2026-03-06,Elina Villas,75.32,0.0,100.0,2026-03
2026-03-07,Elina Villas,75.32,0.0,100.0,2026-03
2026-03-08,Elina Villas,75.32,0.0,100.0,2026-03
2026-03-09,Elina Villas,75.32,0.0,100.0,2026-03
2026-03-10,Elina Villas,75.32,0.0,100.0,2026-03
2026-03-11,Elina Villas,75.32,0.0,100.0,2026-03
2026-03-12,Elina Villas,75.32,0.0,100.0,2026-03
2026-03-13,Elina Villas,75.32,0.0,100.0,2026-03
2026-03-14,Elina Villas,75.32,0.0,100.0,2026-03
2026-03-15,Elina Villas,75.32,0.0,100.0,2026-03
2026-03-16,Elina Villas,75.32,0.0,100.0,2026-03
2026-03-17,Elina Villas,75.32,0.0,100.0,2026-03
2026-03-18,Elina Villas,75.32,0.0,100.0,2026-03
2026-03-19,Elina Villas,75.32,0.0,100.0,2026-03
2026-03-20,Elina Villas,75.32,0.0,100.0,2026-03
2026-03-21,Elina Villas,75.32,0.0,100.0,2026-03
2026-03-22,Elina Villas,75.32,0.0,100.0,2026-03
2026-03-23,Elina Villas,75.32,0.0,100.0,2026-03
2026-03-24,Elina Villas,75.32,0.0,100.0,2026-03
2026-03-25,Elina Villas,75.32,0.0,100.0,2026-03
2026-03-26,Elina Villas,75.32,0.0,100.0,2026-03
2026-03-27,Elina Villas,75.32,0.0,100.0,2026-03
2026-03-28,Elina Villas,75.32,0.0,100.0,2026-03
2026-03-29,Elina Villas,75.32,0.0,100.0,2026-03
2026-03-30,Elina Villas,75.32,0.0,100.0,2026-03
2026-03-31,Elina Villas,75.32,0.0,100.0,2026-03
2026-04-01,Elina Villas,75.32,0.0,100.0,2026-04
2026-04-02,Elina Villas,75.32,0.0,100.0,2026-04
2026-04-03,Elina Villas,75.32,0.0,100.0,2026-04
2026-04-04,Elina Villas,75.32,0.0,100.0,2026-04
2026-04-05,Elina Villas,75.32,0.0,100.0,2026-04
2026-04-06,Elina Villas,75.32,0.0,100.0,2026-04
2026-04-07,Elina Villas,75.32,0.0,100.0,2026-04
2026-04-08,Elina Villas,75.32,0.0,100.0,2026-04
2026-04-09,Elina Villas,75.32,0.0,100.0,2026-04
2026-04-10,Elina Villas,75.32,0.0,100.0,2026-04
2026-04-11,Elina Villas,75.32,0.0,100.0,2026-04
2026-04-12,Elina Villas,75.32,0.0,100.0,2026-04
2026-04-13,Elina Villas,75.32,0.0,100.0,2026-04
2026-04-14,Elina Villas,75.32,0.0,100.0,2026-04
2026-04-15,Elina Villas,75.32,0.0,100.0,2026-04
2026-04-16,Elina Villas,75.32,0.0,100.0,2026-04
2026-04-17,Elina Villas,75.32,0.0,100.0,2026-04
2026-04-18,Elina Villas,75.32,0.0,100.0,2026-04
2026-04-19,Elina Villas,75.32,0.0,100.0,2026-04
2026-04-20,Elina Villas,75.32,0.0,100.0,2026-04
2026-04-21,Elina Villas,75.32,0.0,100.0,2026-04
2026-04-22,Elina Villas,75.32,0.0,100.0,2026-04
2026-04-23,Elina Villas,75.32,0.0,100.0,2026-04
2026-04-24,Elina Villas,75.32,0.0,100.0,2026-04
2026-04-25,Elina Villas,75.32,0.0,100.0,2026-04
2026-04-26,Elina Villas,75.32,0.0,100.0,2026-04
2026-04-27,Elina Villas,75.32,0.0,100.0,2026-04
2026-04-28,Elina Villas,75.32,0.0,100.0,2026-04
2026-04-29,Elina Villas,75.32,0.0,100.0,2026-04
2026-04-30,Elina Villas,75.32,0.0,100.0,2026-04
2026-05-01,Elina Villas,75.32,0.0,100.0,2026-05
2026-05-02,Elina Villas,75.32,0.0,100.0,2026-05
2026-05-03,Elina Villas,75.32,0.0,100.0,2026-05
2026-05-04,Elina Villas,75.32,0.0,100.0,2026-05
2026-05-05,Elina Villas,75.32,0.0,100.0,2026-05
2026-05-06,Elina Villas,75.32,0.0,100.0,2026-05
2026-05-07,Elina Villas,75.32,0.0,100.0,2026-05
2026-05-08,Elina Villas,75.32,0.0,100.0,2026-05
2026-05-09,Elina Villas,75.32,0.0,100.0,2026-05
2026-05-10,Elina Villas,75.32,0.0,100.0,2026-05
2026-05-11,Elina Villas,75.32,0.0,100.0,2026-05
2026-05-12,Elina Villas,75.32,0.0,100.0,2026-05
2026-05-13,Elina Villas,75.32,0.0,100.0,2026-05
2026-05-14,Elina Villas,75.32,0.0,100.0,2026-05
2026-05-15,Elina Villas,75.32,0.0,100.0,2026-05
2026-05-16,Elina Villas,75.32,0.0,100.0,2026-05
2026-05-17,Elina Villas,75.32,0.0,100.0,2026-05
2026-05-18,Elina Villas,75.32,0.0,100.0,2026-05
2026-05-19,Elina Villas,75.32,0.0,100.0,2026-05
2026-05-20,Elina Villas,75.32,0.0,100.0,2026-05
2026-05-21,Elina Villas,75.32,0.0,100.0,2026-05
2026-05-22,Elina Villas,75.32,0.0,100.0,2026-05
2026-05-23,Elina Villas,75.32,0.0,100.0,2026-05
2026-05-24,Elina Villas,75.32,0.0,100.0,2026-05
2026-05-25,Elina Villas,75.32,0.0,100.0,2026-05
2026-05-26,Elina Villas,75.32,0.0,100.0,2026-05
2026-05-27,Elina Villas,75.32,0.0,100.0,2026-05
2026-05-28,Elina Villas,75.32,0.0,100.0,2026-05
2026-05-29,Elina Villas,75.32,0.0,100.0,2026-05
2026-05-30,Elina Villas,75.32,0.0,100.0,2026-05
2026-05-31,Elina Villas,75.32,0.0,100.0,2026-05
2026-06-01,Elina Villas,75.32,0.0,100.0,2026-06
2026-06-02,Elina Villas,75.32,0.0,100.0,2026-06
2026-06-03,Elina Villas,75.32,0.0,100.0,2026-06
2026-06-04,Elina Villas,75.32,0.0,100.0,2026-06
2026-06-05,Elina Villas,75.32,0.0,100.0,2026-06
2026-06-06,Elina Villas,75.32,0.0,100.0,2026-06
2026-06-07,Elina Villas,75.32,0.0,100.0,2026-06
2026-06-08,Elina Villas,75.32,0.0,100.0,2026-06
2026-06-09,Elina Villas,75.32,0.0,100.0,2026-06
2026-06-10,Elina Villas,75.32,0.0,100.0,2026-06
2026-06-11,Elina Villas,75.32,0.0,100.0,2026-06
2026-06-12,Elina Villas,75.32,0.0,100.0,2026-06
2026-06-13,Elina Villas,75.32,0.0,100.0,2026-06
2026-06-14,Elina Villas,75.32,0.0,100.0,2026-06
2026-06-15,Elina Villas,75.32,0.0,100.0,2026-06
2026-06-16,Elina Villas,75.32,0.0,100.0,2026-06
2026-06-17,Elina Villas,75.32,0.0,100.0,2026-06
2026-06-18,Elina Villas,75.32,0.0,100.0,2026-06
2026-06-19,Elina Villas,75.32,0.0,100.0,2026-06
2026-06-20,Elina Villas,75.32,0.0,100.0,2026-06
2026-06-21,Elina Villas,75.32,0.0,100.0,2026-06
2026-06-22,Elina Villas,75.32,0.0,100.0,2026-06
2026-06-23,Elina Villas,75.32,0.0,100.0,2026-06
2026-06-24,Elina Villas,75.32,0.0,100.0,2026-06
2026-06-25,Elina Villas,75.32,0.0,100.0,2026-06
2026-06-26,Elina Villas,75.32,0.0,100.0,2026-06
2026-06-27,Elina Villas,75.32,0.0,100.0,2026-06
2026-06-28,Elina Villas,75.32,0.0,100.0,2026-06
2026-06-29,Elina Villas,75.32,0.0,100.0,2026-06
2026-01-01,Isola Villas,84.88,46.49,100.0,2026-01
2026-01-02,Isola Villas,81.16,36.62,100.0,2026-01
2026-01-03,Isola Villas,81.47,34.61,100.0,2026-01
2026-01-04,Isola Villas,81.32,33.07,100.0,2026-01
2026-01-05,Isola Villas,83.52,34.67,100.0,2026-01
2026-01-06,Isola Villas,76.77,27.4,100.0,2026-01
2026-01-07,Isola Villas,75.78,26.14,100.0,2026-01
2026-01-08,Isola Villas,77.5,27.52,100.0,2026-01
2026-01-09,Isola Villas,77.97,27.8,100.0,2026-01
2026-01-10,Isola Villas,76.67,26.25,100.0,2026-01
2026-01-11,Isola Villas,78.76,28.18,100.0,2026-01
2026-01-12,Isola Villas,78.75,27.95,100.0,2026-01
2026-01-13,Isola Villas,75.73,24.77,100.0,2026-01
2026-01-14,Isola Villas,75.08,23.92,100.0,2026-01
2026-01-15,Isola Villas,77.38,26.21,100.0,2026-01
2026-01-16,Isola Villas,76.7,25.45,100.0,2026-01
2026-01-17,Isola Villas,77.0,25.67,100.0,2026-01
2026-01-18,Isola Villas,77.36,25.9,100.0,2026-01
2026-01-19,Isola Villas,78.25,26.68,100.0,2026-01
2026-01-20,Isola Villas,75.64,23.92,100.0,2026-01
2026-01-21,Isola Villas,76.18,24.33,100.0,2026-01
2026-01-22,Isola Villas,76.82,24.94,100.0,2026-01
2026-01-23,Isola Villas,77.1,25.15,100.0,2026-01
2026-01-24,Isola Villas,76.67,24.62,100.0,2026-01
2026-01-25,Isola Villas,77.46,25.31,100.0,2026-01
2026-01-26,Isola Villas,77.45,25.18,100.0,2026-01
2026-01-27,Isola Villas,76.43,24.04,100.0,2026-01
2026-01-28,Isola Villas,76.3,23.78,100.0,2026-01
2026-01-29,Isola Villas,77.1,24.53,100.0,2026-01
2026-01-30,Isola Villas,76.87,24.21,100.0,2026-01
2026-01-31,Isola Villas,76.99,24.23,100.0,2026-01
2026-02-01,Isola Villas,77.1,24.24,100.0,2026-02
2026-02-02,Isola Villas,77.42,24.45,100.0,2026-02
2026-02-03,Isola Villas,76.53,23.44,100.0,2026-02
2026-02-04,Isola Villas,76.73,23.53,100.0,2026-02
2026-02-05,Isola Villas,76.94,23.66,100.0,2026-02
2026-02-06,Isola Villas,77.05,23.68,100.0,2026-02
2026-02-07,Isola Villas,76.89,23.42,100.0,2026-02
2026-02-08,Isola Villas,77.16,23.59,100.0,2026-02
2026-02-09,Isola Villas,77.15,23.47,100.0,2026-02
2026-02-10,Isola Villas,76.82,23.03,100.0,2026-02
2026-02-11,Isola Villas,76.77,22.86,100.0,2026-02
2026-02-12,Isola Villas,77.05,23.05,100.0,2026-02
2026-02-13,Isola Villas,76.96,22.87,100.0,2026-02
2026-02-14,Isola Villas,77.01,22.82,100.0,2026-02
2026-02-15,Isola Villas,77.04,22.74,100.0,2026-02
2026-02-16,Isola Villas,77.15,22.75,100.0,2026-02
2026-02-17,Isola Villas,76.85,22.34,100.0,2026-02
2026-02-18,Isola Villas,76.92,22.31,100.0,2026-02
2026-02-19,Isola Villas,76.99,22.28,100.0,2026-02
2026-02-20,Isola Villas,77.03,22.22,100.0,2026-02
2026-02-21,Isola Villas,76.97,22.06,100.0,2026-02
2026-02-22,Isola Villas,77.07,22.05,100.0,2026-02
2026-02-23,Isola Villas,77.06,21.94,100.0,2026-02
2026-02-24,Isola Villas,76.95,21.73,100.0,2026-02
2026-02-25,Isola Villas,76.93,21.6,100.0,2026-02
2026-02-26,Isola Villas,77.03,21.6,100.0,2026-02
2026-02-27,Isola Villas,77.0,21.47,100.0,2026-02
2026-02-28,Isola Villas,77.01,21.38,100.0,2026-02
2026-03-01,Isola Villas,77.02,21.29,100.0,2026-03
2026-03-02,Isola Villas,77.06,21.23,100.0,2026-03
2026-03-03,Isola Villas,76.96,21.02,100.0,2026-03
2026-03-04,Isola Villas,76.98,20.94,100.0,2026-03
2026-03-05,Isola Villas,77.0,20.87,100.0,2026-03
2026-03-06,Isola Villas,77.02,20.78,100.0,2026-03
2026-03-07,Isola Villas,77.0,20.66,100.0,2026-03
2026-03-08,Isola Villas,77.03,20.59,100.0,2026-03
2026-03-09,Isola Villas,77.03,20.49,100.0,2026-03
2026-03-10,Isola Villas,76.99,20.35,100.0,2026-03
2026-03-11,Isola Villas,76.99,20.24,100.0,2026-03
2026-03-12,Isola Villas,77.02,20.18,100.0,2026-03
2026-03-13,Isola Villas,77.01,20.07,100.0,2026-03
2026-03-14,Isola Villas,77.01,19.97,100.0,2026-03
2026-03-15,Isola Villas,77.02,19.87,100.0,2026-03
2026-03-16,Isola Villas,77.03,19.79,100.0,2026-03
2026-03-17,Isola Villas,77.0,19.65,100.0,2026-03
2026-03-18,Isola Villas,77.0,19.56,100.0,2026-03
2026-03-19,Isola Villas,77.01,19.47,100.0,2026-03
2026-03-20,Isola Villas,77.02,19.38,100.0,2026-03
2026-03-21,Isola Villas,77.01,19.27,100.0,2026-03
2026-03-22,Isola Villas,77.02,19.18,100.0,2026-03
2026-03-23,Isola Villas,77.02,19.08,100.0,2026-03
2026-03-24,Isola Villas,77.01,18.97,100.0,2026-03
2026-03-25,Isola Villas,77.0,18.87,100.0,2026-03
2026-03-26,Isola Villas,77.02,18.79,100.0,2026-03
2026-03-27,Isola Villas,77.01,18.68,100.0,2026-03
2026-03-28,Isola Villas,77.01,18.59,100.0,2026-03
2026-03-29,Isola Villas,77.01,18.49,100.0,2026-03
2026-03-30,Isola Villas,77.02,18.4,100.0,2026-03
2026-03-31,Isola Villas,77.01,18.29,100.0,2026-03
2026-04-01,Isola Villas,77.01,18.2,100.0,2026-04
2026-04-02,Isola Villas,77.01,18.1,100.0,2026-04
2026-04-03,Isola Villas,77.01,18.01,100.0,2026-04
2026-04-04,Isola Villas,77.01,17.91,100.0,2026-04
2026-04-05,Isola Villas,77.02,17.81,100.0,2026-04
2026-04-06,Isola Villas,77.02,17.72,100.0,2026-04
2026-04-07,Isola Villas,77.01,17.62,100.0,2026-04
2026-04-08,Isola Villas,77.01,17.52,100.0,2026-04
2026-04-09,Isola Villas,77.01,17.43,100.0,2026-04
2026-04-10,Isola Villas,77.01,17.33,100.0,2026-04
2026-04-11,Isola Villas,77.01,17.24,100.0,2026-04
2026-04-12,Isola Villas,77.01,17.14,100.0,2026-04
2026-04-13,Isola Villas,77.02,17.05,100.0,2026-04
2026-04-14,Isola Villas,77.01,16.95,100.0,2026-04
2026-04-15,Isola Villas,77.01,16.85,100.0,2026-04
2026-04-16,Isola Villas,77.01,16.76,100.0,2026-04
2026-04-17,Isola Villas,77.01,16.66,100.0,2026-04
2026-04-18,Isola Villas,77.01,16.57,100.0,2026-04
2026-04-19,Isola Villas,77.02,16.48,100.0,2026-04
2026-04-20,Isola Villas,77.01,16.38,100.0,2026-04
2026-04-21,Isola Villas,77.01,16.29,100.0,2026-04
2026-04-22,Isola Villas,77.01,16.19,100.0,2026-04
2026-04-23,Isola Villas,77.01,16.1,100.0,2026-04
2026-04-24,Isola Villas,77.01,16.01,100.0,2026-04
2026-04-25,Isola Villas,77.01,15.91,100.0,2026-04
2026-04-26,Isola Villas,77.01,15.82,100.0,2026-04
2026-04-27,Isola Villas,77.01,15.73,100.0,2026-04
2026-04-28,Isola Villas,77.01,15.63,100.0,2026-04
2026-04-29,Isola Villas,77.01,15.54,100.0,2026-04
2026-04-30,Isola Villas,77.01,15.45,100.0,2026-04
2026-05-01,Isola Villas,77.01,15.35,100.0,2026-05
2026-05-02,Isola Villas,77.01,15.26,100.0,2026-05
2026-05-03,Isola Villas,77.01,15.17,100.0,2026-05
2026-05-04,Isola Villas,77.01,15.08,100.0,2026-05
2026-05-05,Isola Villas,77.01,14.98,100.0,2026-05
2026-05-06,Isola Villas,77.01,14.89,100.0,2026-05
2026-05-07,Isola Villas,77.01,14.8,100.0,2026-05
2026-05-08,Isola Villas,77.01,14.71,100.0,2026-05
2026-05-09,Isola Villas,77.01,14.62,100.0,2026-05
2026-05-10,Isola Villas,77.01,14.52,100.0,2026-05
2026-05-11,Isola Villas,77.01,14.43,100.0,2026-05
2026-05-12,Isola Villas,77.01,14.34,100.0,2026-05
2026-05-13,Isola Villas,77.01,14.25,100.0,2026-05
2026-05-14,Isola Villas,77.01,14.16,100.0,2026-05
2026-05-15,Isola Villas,77.01,14.07,100.0,2026-05
2026-05-16,Isola Villas,77.01,13.98,100.0,2026-05
2026-05-17,Isola Villas,77.01,13.89,100.0,2026-05
2026-05-18,Isola Villas,77.01,13.8,100.0,2026-05
2026-05-19,Isola Villas,77.01,13.71,100.0,2026-05
2026-05-20,Isola Villas,77.01,13.62,100.0,2026-05
2026-05-21,Isola Villas,77.01,13.53,100.0,2026-05
2026-05-22,Isola Villas,77.01,13.44,100.0,2026-05
2026-05-23,Isola Villas,77.01,13.35,100.0,2026-05
2026-05-24,Isola Villas,77.01,13.26,100.0,2026-05
2026-05-25,Isola Villas,77.01,13.17,100.0,2026-05
2026-05-26,Isola Villas,77.01,13.08,100.0,2026-05
2026-05-27,Isola Villas,77.01,12.99,100.0,2026-05
2026-05-28,Isola Villas,77.01,12.9,100.0,2026-05
2026-05-29,Isola Villas,77.01,12.81,100.0,2026-05
2026-05-30,Isola Villas,77.01,12.72,100.0,2026-05
2026-05-31,Isola Villas,77.01,12.63,100.0,2026-05
2026-06-01,Isola Villas,77.01,12.54,100.0,2026-06
2026-06-02,Isola Villas,77.01,12.46,100.0,2026-06
2026-06-03,Isola Villas,77.01,12.37,100.0,2026-06
2026-06-04,Isola Villas,77.01,12.28,100.0,2026-06
2026-06-05,Isola Villas,77.01,12.19,100.0,2026-06
2026-06-06,Isola Villas,77.01,12.1,100.0,2026-06
2026-06-07,Isola Villas,77.01,12.01,100.0,2026-06
2026-06-08,Isola Villas,77.01,11.93,100.0,2026-06
2026-06-09,Isola Villas,77.01,11.84,100.0,2026-06
2026-06-10,Isola Villas,77.01,11.75,100.0,2026-06
2026-06-11,Isola Villas,77.01,11.66,100.0,2026-06
2026-06-12,Isola Villas,77.01,11.58,100.0,2026-06
2026-06-13,Isola Villas,77.01,11.49,100.0,2026-06
2026-06-14,Isola Villas,77.01,11.4,100.0,2026-06
2026-06-15,Isola Villas,77.01,11.31,100.0,2026-06
2026-06-16,Isola Villas,77.01,11.23,100.0,2026-06
2026-06-17,Isola Villas,77.01,11.14,100.0,2026-06
2026-06-18,Isola Villas,77.01,11.05,100.0,2026-06
2026-06-19,Isola Villas,77.01,10.97,100.0,2026-06
2026-06-20,Isola Villas,77.01,10.88,100.0,2026-06
2026-06-21,Isola Villas,77.01,10.79,100.0,2026-06
2026-06-22,Isola Villas,77.01,10.71,100.0,2026-06
2026-06-23,Isola Villas,77.01,10.62,100.0,2026-06
2026-06-24,Isola Villas,77.01,10.54,100.0,2026-06
2026-06-25,Isola Villas,77.01,10.45,100.0,2026-06
2026-06-26,Isola Villas,77.01,10.36,100.0,2026-06
2026-06-27,Isola Villas,77.01,10.28,100.0,2026-06
2026-06-28,Isola Villas,77.01,10.19,100.0,2026-06
2026-06-29,Isola Villas,77.01,10.11,100.0,2026-06
2026-01-01,Eindra Villas,99.89,76.42,100.0,2026-01
2026-01-02,Eindra Villas,99.83,72.64,100.0,2026-01
2026-01-03,Eindra Villas,99.8,71.38,100.0,2026-01
2026-01-04,Eindra Villas,99.78,70.91,100.0,2026-01
2026-01-05,Eindra Villas,99.77,70.71,100.0,2026-01
2026-01-06,Eindra Villas,99.76,70.61,100.0,2026-01
2026-01-07,Eindra Villas,99.76,70.55,100.0,2026-01
2026-01-08,Eindra Villas,99.75,70.52,100.0,2026-01
2026-01-09,Eindra Villas,99.75,70.49,100.0,2026-01
2026-01-10,Eindra Villas,99.75,70.47,100.0,2026-01
2026-01-11,Eindra Villas,99.75,70.45,100.0,2026-01
2026-01-12,Eindra Villas,99.75,70.43,100.0,2026-01
2026-01-13,Eindra Villas,99.75,70.41,100.0,2026-01
2026-01-14,Eindra Villas,99.75,70.39,100.0,2026-01
2026-01-15,Eindra Villas,99.75,70.38,100.0,2026-01
2026-01-16,Eindra Villas,99.75,70.36,100.0,2026-01
2026-01-17,Eindra Villas,99.75,70.34,100.0,2026-01
2026-01-18,Eindra Villas,99.75,70.32,100.0,2026-01
2026-01-19,Eindra Villas,99.75,70.31,100.0,2026-01
2026-01-20,Eindra Villas,99.75,70.29,100.0,2026-01
2026-01-21,Eindra Villas,99.75,70.27,100.0,2026-01
2026-01-22,Eindra Villas,99.75,70.26,100.0,2026-01
2026-01-23,Eindra Villas,99.75,70.24,100.0,2026-01
2026-01-24,Eindra Villas,99.75,70.22,100.0,2026-01
2026-01-25,Eindra Villas,99.75,70.21,100.0,2026-01
2026-01-26,Eindra Villas,99.75,70.19,100.0,2026-01
2026-01-27,Eindra Villas,99.75,70.17,100.0,2026-01
2026-01-28,Eindra Villas,99.75,70.16,100.0,2026-01
2026-01-29,Eindra Villas,99.75,70.14,100.0,2026-01
2026-01-30,Eindra Villas,99.75,70.12,100.0,2026-01
2026-01-31,Eindra Villas,99.75,70.11,100.0,2026-01
2026-02-01,Eindra Villas,99.75,70.09,100.0,2026-02
2026-02-02,Eindra Villas,99.75,70.07,100.0,2026-02
2026-02-03,Eindra Villas,99.75,70.06,100.0,2026-02
2026-02-04,Eindra Villas,99.75,70.04,100.0,2026-02
2026-02-05,Eindra Villas,99.75,70.02,100.0,2026-02
2026-02-06,Eindra Villas,99.75,70.01,100.0,2026-02
2026-02-07,Eindra Villas,99.75,69.99,100.0,2026-02
2026-02-08,Eindra Villas,99.75,69.97,100.0,2026-02
2026-02-09,Eindra Villas,99.75,69.96,100.0,2026-02
2026-02-10,Eindra Villas,99.75,69.94,100.0,2026-02
2026-02-11,Eindra Villas,99.75,69.92,100.0,2026-02
2026-02-12,Eindra Villas,99.75,69.91,100.0,2026-02
2026-02-13,Eindra Villas,99.75,69.89,100.0,2026-02
2026-02-14,Eindra Villas,99.75,69.87,100.0,2026-02
2026-02-15,Eindra Villas,99.75,69.86,100.0,2026-02
2026-02-16,Eindra Villas,99.75,69.84,100.0,2026-02
2026-02-17,Eindra Villas,99.75,69.82,100.0,2026-02
2026-02-18,Eindra Villas,99.75,69.81,100.0,2026-02
2026-02-19,Eindra Villas,99.75,69.79,100.0,2026-02
2026-02-20,Eindra Villas,99.75,69.77,100.0,2026-02
2026-02-21,Eindra Villas,99.75,69.76,100.0,2026-02
2026-02-22,Eindra Villas,99.75,69.74,100.0,2026-02
2026-02-23,Eindra Villas,99.75,69.72,100.0,2026-02
2026-02-24,Eindra Villas,99.75,69.71,100.0,2026-02
2026-02-25,Eindra Villas,99.75,69.69,100.0,2026-02
2026-02-26,Eindra Villas,99.75,69.67,100.0,2026-02
2026-02-27,Eindra Villas,99.75,69.66,100.0,2026-02
2026-02-28,Eindra Villas,99.75,69.64,100.0,2026-02
2026-03-01,Eindra Villas,99.75,69.62,100.0,2026-03
2026-03-02,Eindra Villas,99.75,69.61,100.0,2026-03
2026-03-03,Eindra Villas,99.75,69.59,100.0,2026-03
2026-03-04,Eindra Villas,99.75,69.58,100.0,2026-03
2026-03-05,Eindra Villas,99.75,69.56,100.0,2026-03
2026-03-06,Eindra Villas,99.75,69.54,100.0,2026-03
2026-03-07,Eindra Villas,99.75,69.53,100.0,2026-03
2026-03-08,Eindra Villas,99.75,69.51,100.0,2026-03
2026-03-09,Eindra Villas,99.75,69.49,100.0,2026-03
2026-03-10,Eindra Villas,99.75,69.48,100.0,2026-03
2026-03-11,Eindra Villas,99.75,69.46,100.0,2026-03
2026-03-12,Eindra Villas,99.75,69.44,100.0,2026-03
2026-03-13,Eindra Villas,99.75,69.43,100.0,2026-03
2026-03-14,Eindra Villas,99.75,69.41,100.0,2026-03
2026-03-15,Eindra Villas,99.75,69.39,100.0,2026-03
2026-03-16,Eindra Villas,99.75,69.38,100.0,2026-03
2026-03-17,Eindra Villas,99.75,69.36,100.0,2026-03
2026-03-18,Eindra Villas,99.75,69.35,100.0,2026-03
2026-03-19,Eindra Villas,99.75,69.33,100.0,2026-03
2026-03-20,Eindra Villas,99.75,69.31,100.0,2026-03
2026-03-21,Eindra Villas,99.75,69.3,100.0,2026-03
2026-03-22,Eindra Villas,99.75,69.28,100.0,2026-03
2026-03-23,Eindra Villas,99.75,69.26,100.0,2026-03
2026-03-24,Eindra Villas,99.75,69.25,100.0,2026-03
2026-03-25,Eindra Villas,99.75,69.23,100.0,2026-03
2026-03-26,Eindra Villas,99.75,69.22,100.0,2026-03
2026-03-27,Eindra Villas,99.75,69.2,100.0,2026-03
2026-03-28,Eindra Villas,99.75,69.18,100.0,2026-03
2026-03-29,Eindra Villas,99.75,69.17,100.0,2026-03
2026-03-30,Eindra Villas,99.75,69.15,100.0,2026-03
2026-03-31,Eindra Villas,99.75,69.13,100.0,2026-03
2026-04-01,Eindra Villas,99.75,69.12,100.0,2026-04
2026-04-02,Eindra Villas,99.75,69.1,100.0,2026-04
2026-04-03,Eindra Villas,99.75,69.09,100.0,2026-04
2026-04-04,Eindra Villas,99.75,69.07,100.0,2026-04
2026-04-05,Eindra Villas,99.75,69.05,100.0,2026-04
2026-04-06,Eindra Villas,99.75,69.04,100.0,2026-04
2026-04-07,Eindra Villas,99.75,69.02,100.0,2026-04
2026-04-08,Eindra Villas,99.75,69.0,100.0,2026-04
2026-04-09,Eindra Villas,99.75,68.99,100.0,2026-04
2026-04-10,Eindra Villas,99.75,68.97,100.0,2026-04
2026-04-11,Eindra Villas,99.75,68.96,100.0,2026-04
2026-04-12,Eindra Villas,99.75,68.94,100.0,2026-04
2026-04-13,Eindra Villas,99.75,68.92,100.0,2026-04
2026-04-14,Eindra Villas,99.75,68.91,100.0,2026-04
2026-04-15,Eindra Villas,99.75,68.89,100.0,2026-04
2026-04-16,Eindra Villas,99.75,68.88,100.0,2026-04
2026-04-17,Eindra Villas,99.75,68.86,100.0,2026-04
2026-04-18,Eindra Villas,99.75,68.84,100.0,2026-04
2026-04-19,Eindra Villas,99.75,68.83,100.0,2026-04
2026-04-20,Eindra Villas,99.75,68.81,100.0,2026-04
2026-04-21,Eindra Villas,99.75,68.8,100.0,2026-04
2026-04-22,Eindra Villas,99.75,68.78,100.0,2026-04
2026-04-23,Eindra Villas,99.75,68.76,100.0,2026-04
2026-04-24,Eindra Villas,99.75,68.75,100.0,2026-04
2026-04-25,Eindra Villas,99.75,68.73,100.0,2026-04
2026-04-26,Eindra Villas,99.75,68.72,100.0,2026-04
2026-04-27,Eindra Villas,99.75,68.7,100.0,2026-04
2026-04-28,Eindra Villas,99.75,68.68,100.0,2026-04
2026-04-29,Eindra Villas,99.75,68.67,100.0,2026-04
2026-04-30,Eindra Villas,99.75,68.65,100.0,2026-04
2026-05-01,Eindra Villas,99.75,68.64,100.0,2026-05
2026-05-02,Eindra Villas,99.75,68.62,100.0,2026-05
2026-05-03,Eindra Villas,99.75,68.6,100.0,2026-05
2026-05-04,Eindra Villas,99.75,68.59,100.0,2026-05
2026-05-05,Eindra Villas,99.75,68.57,100.0,2026-05
2026-05-06,Eindra Villas,99.75,68.56,100.0,2026-05
2026-05-07,Eindra Villas,99.75,68.54,100.0,2026-05
2026-05-08,Eindra Villas,99.75,68.52,100.0,2026-05
2026-05-09,Eindra Villas,99.75,68.51,100.0,2026-05
2026-05-10,Eindra Villas,99.75,68.49,100.0,2026-05
2026-05-11,Eindra Villas,99.75,68.48,100.0,2026-05
2026-05-12,Eindra Villas,99.75,68.46,100.0,2026-05
2026-05-13,Eindra Villas,99.75,68.44,100.0,2026-05
2026-05-14,Eindra Villas,99.75,68.43,100.0,2026-05
2026-05-15,Eindra Villas,99.75,68.41,100.0,2026-05
2026-05-16,Eindra Villas,99.75,68.4,100.0,2026-05
2026-05-17,Eindra Villas,99.75,68.38,100.0,2026-05
2026-05-18,Eindra Villas,99.75,68.37,100.0,2026-05
2026-05-19,Eindra Villas,99.75,68.35,100.0,2026-05
2026-05-20,Eindra Villas,99.75,68.33,100.0,2026-05
2026-05-21,Eindra Villas,99.75,68.32,100.0,2026-05
2026-05-22,Eindra Villas,99.75,68.3,100.0,2026-05
2026-05-23,Eindra Villas,99.75,68.29,100.0,2026-05
2026-05-24,Eindra Villas,99.75,68.27,100.0,2026-05
2026-05-25,Eindra Villas,99.75,68.26,100.0,2026-05
2026-05-26,Eindra Villas,99.75,68.24,100.0,2026-05
2026-05-27,Eindra Villas,99.75,68.22,100.0,2026-05
2026-05-28,Eindra Villas,99.75,68.21,100.0,2026-05
2026-05-29,Eindra Villas,99.75,68.19,100.0,2026-05
2026-05-30,Eindra Villas,99.75,68.18,100.0,2026-05
2026-05-31,Eindra Villas,99.75,68.16,100.0,2026-05
2026-06-01,Eindra Villas,99.75,68.14,100.0,2026-06
2026-06-02,Eindra Villas,99.75,68.13,100.0,2026-06
2026-06-03,Eindra Villas,99.75,68.11,100.0,2026-06
2026-06-04,Eindra Villas,99.75,68.1,100.0,2026-06
2026-06-05,Eindra Villas,99.75,68.08,100.0,2026-06
2026-06-06,Eindra Villas,99.75,68.07,100.0,2026-06
2026-06-07,Eindra Villas,99.75,68.05,100.0,2026-06
2026-06-08,Eindra Villas,99.75,68.04,100.0,2026-06
2026-06-09,Eindra Villas,99.75,68.02,100.0,2026-06
2026-06-10,Eindra Villas,99.75,68.0,100.0,2026-06
2026-06-11,Eindra Villas,99.75,67.99,100.0,2026-06
2026-06-12,Eindra Villas,99.75,67.97,100.0,2026-06
2026-06-13,Eindra Villas,99.75,67.96,100.0,2026-06
2026-06-14,Eindra Villas,99.75,67.94,100.0,2026-06
2026-06-15,Eindra Villas,99.75,67.93,100.0,2026-06
2026-06-16,Eindra Villas,99.75,67.91,100.0,2026-06
2026-06-17,Eindra Villas,99.75,67.89,100.0,2026-06
2026-06-18,Eindra Villas,99.75,67.88,100.0,2026-06
2026-06-19,Eindra Villas,99.75,67.86,100.0,2026-06
2026-06-20,Eindra Villas,99.75,67.85,100.0,2026-06
2026-06-21,Eindra Villas,99.75,67.83,100.0,2026-06
2026-06-22,Eindra Villas,99.75,67.82,100.0,2026-06
2026-06-23,Eindra Villas,99.75,67.8,100.0,2026-06
2026-06-24,Eindra Villas,99.75,67.79,100.0,2026-06
2026-06-25,Eindra Villas,99.75,67.77,100.0,2026-06
2026-06-26,Eindra Villas,99.75,67.75,100.0,2026-06
2026-06-27,Eindra Villas,99.75,67.74,100.0,2026-06
2026-06-28,Eindra Villas,99.75,67.72,100.0,2026-06
2026-06-29,Eindra Villas,99.75,67.71,100.0,2026-06
2026-01-01,Esha Villas,95.4,61.71,100.0,2026-01
2026-01-02,Esha Villas,93.2,55.5,100.0,2026-01
2026-01-03,Esha Villas,91.37,50.95,100.0,2026-01
2026-01-04,Esha Villas,90.44,49.19,100.0,2026-01
2026-01-05,Esha Villas,89.7,47.87,100.0,2026-01
2026-01-06,Esha Villas,89.31,47.23,100.0,2026-01
2026-01-07,Esha Villas,89.02,46.76,100.0,2026-01
2026-01-08,Esha Villas,88.85,46.49,100.0,2026-01
2026-01-09,Esha Villas,88.73,46.28,100.0,2026-01
2026-01-10,Esha Villas,88.67,46.15,100.0,2026-01
2026-01-11,Esha Villas,88.62,46.04,100.0,2026-01
2026-01-12,Esha Villas,88.59,45.96,100.0,2026-01
2026-01-13,Esha Villas,88.57,45.9,100.0,2026-01
2026-01-14,Esha Villas,88.56,45.84,100.0,2026-01
2026-01-15,Esha Villas,88.55,45.79,100.0,2026-01
2026-01-16,Esha Villas,88.55,45.74,100.0,2026-01
2026-01-17,Esha Villas,88.54,45.69,100.0,2026-01
2026-01-18,Esha Villas,88.54,45.65,100.0,2026-01
2026-01-19,Esha Villas,88.54,45.61,100.0,2026-01
2026-01-20,Esha Villas,88.54,45.56,100.0,2026-01
2026-01-21,Esha Villas,88.54,45.52,100.0,2026-01
2026-01-22,Esha Villas,88.54,45.48,100.0,2026-01
2026-01-23,Esha Villas,88.54,45.44,100.0,2026-01
2026-01-24,Esha Villas,88.54,45.4,100.0,2026-01
2026-01-25,Esha Villas,88.54,45.35,100.0,2026-01
2026-01-26,Esha Villas,88.54,45.31,100.0,2026-01
2026-01-27,Esha Villas,88.54,45.27,100.0,2026-01
2026-01-28,Esha Villas,88.54,45.23,100.0,2026-01
2026-01-29,Esha Villas,88.54,45.19,100.0,2026-01
2026-01-30,Esha Villas,88.54,45.15,100.0,2026-01
2026-01-31,Esha Villas,88.54,45.11,100.0,2026-01
2026-02-01,Esha Villas,88.54,45.07,100.0,2026-02
2026-02-02,Esha Villas,88.54,45.02,100.0,2026-02
2026-02-03,Esha Villas,88.54,44.98,100.0,2026-02
2026-02-04,Esha Villas,88.54,44.94,100.0,2026-02
2026-02-05,Esha Villas,88.54,44.9,100.0,2026-02
2026-02-06,Esha Villas,88.54,44.86,100.0,2026-02
2026-02-07,Esha Villas,88.54,44.82,100.0,2026-02
2026-02-08,Esha Villas,88.54,44.78,100.0,2026-02
2026-02-09,Esha Villas,88.54,44.74,100.0,2026-02
2026-02-10,Esha Villas,88.54,44.7,100.0,2026-02
2026-02-11,Esha Villas,88.54,44.66,100.0,2026-02
2026-02-12,Esha Villas,88.54,44.62,100.0,2026-02
2026-02-13,Esha Villas,88.54,44.58,100.0,2026-02
2026-02-14,Esha Villas,88.54,44.54,100.0,2026-02
2026-02-15,Esha Villas,88.54,44.49,100.0,2026-02
2026-02-16,Esha Villas,88.54,44.45,100.0,2026-02
2026-02-17,Esha Villas,88.54,44.41,100.0,2026-02
2026-02-18,Esha Villas,88.54,44.37,100.0,2026-02
2026-02-19,Esha Villas,88.54,44.33,100.0,2026-02
2026-02-20,Esha Villas,88.54,44.29,100.0,2026-02
2026-02-21,Esha Villas,88.54,44.25,100.0,2026-02
2026-02-22,Esha Villas,88.54,44.21,100.0,2026-02
2026-02-23,Esha Villas,88.54,44.17,100.0,2026-02
2026-02-24,Esha Villas,88.54,44.13,100.0,2026-02
2026-02-25,Esha Villas,88.54,44.09,100.0,2026-02
2026-02-26,Esha Villas,88.54,44.05,100.0,2026-02
2026-02-27,Esha Villas,88.54,44.01,100.0,2026-02
2026-02-28,Esha Villas,88.54,43.97,100.0,2026-02
2026-03-01,Esha Villas,88.54,43.93,100.0,2026-03
2026-03-02,Esha Villas,88.54,43.89,100.0,2026-03
2026-03-03,Esha Villas,88.54,43.85,100.0,2026-03
2026-03-04,Esha Villas,88.54,43.81,100.0,2026-03
2026-03-05,Esha Villas,88.54,43.77,100.0,2026-03
2026-03-06,Esha Villas,88.54,43.73,100.0,2026-03
2026-03-07,Esha Villas,88.54,43.69,100.0,2026-03
2026-03-08,Esha Villas,88.54,43.65,100.0,2026-03
2026-03-09,Esha Villas,88.54,43.61,100.0,2026-03
2026-03-10,Esha Villas,88.54,43.57,100.0,2026-03
2026-03-11,Esha Villas,88.54,43.53,100.0,2026-03
2026-03-12,Esha Villas,88.54,43.49,100.0,2026-03
2026-03-13,Esha Villas,88.54,43.45,100.0,2026-03
2026-03-14,Esha Villas,88.54,43.41,100.0,2026-03
2026-03-15,Esha Villas,88.54,43.38,100.0,2026-03
2026-03-16,Esha Villas,88.54,43.34,100.0,2026-03
2026-03-17,Esha Villas,88.54,43.3,100.0,2026-03
2026-03-18,Esha Villas,88.54,43.26,100.0,2026-03
2026-03-19,Esha Villas,88.54,43.22,100.0,2026-03
2026-03-20,Esha Villas,88.54,43.18,100.0,2026-03
2026-03-21,Esha Villas,88.54,43.14,100.0,2026-03
2026-03-22,Esha Villas,88.54,43.1,100.0,2026-03
2026-03-23,Esha Villas,88.54,43.06,100.0,2026-03
2026-03-24,Esha Villas,88.54,43.02,100.0,2026-03
2026-03-25,Esha Villas,88.54,42.98,100.0,2026-03
2026-03-26,Esha Villas,88.54,42.94,100.0,2026-03
2026-03-27,Esha Villas,88.54,42.9,100.0,2026-03
2026-03-28,Esha Villas,88.54,42.86,100.0,2026-03
2026-03-29,Esha Villas,88.54,42.83,100.0,2026-03
2026-03-30,Esha Villas,88.54,42.79,100.0,2026-03
2026-03-31,Esha Villas,88.54,42.75,100.0,2026-03
2026-04-01,Esha Villas,88.54,42.71,100.0,2026-04
2026-04-02,Esha Villas,88.54,42.67,100.0,2026-04
2026-04-03,Esha Villas,88.54,42.63,100.0,2026-04
2026-04-04,Esha Villas,88.54,42.59,100.0,2026-04
2026-04-05,Esha Villas,88.54,42.55,100.0,2026-04
2026-04-06,Esha Villas,88.54,42.51,100.0,2026-04
2026-04-07,Esha Villas,88.54,42.48,100.0,2026-04
2026-04-08,Esha Villas,88.54,42.44,100.0,2026-04
2026-04-09,Esha Villas,88.54,42.4,100.0,2026-04
2026-04-10,Esha Villas,88.54,42.36,100.0,2026-04
2026-04-11,Esha Villas,88.54,42.32,100.0,2026-04
2026-04-12,Esha Villas,88.54,42.28,100.0,2026-04
2026-04-13,Esha Villas,88.54,42.24,100.0,2026-04
2026-04-14,Esha Villas,88.54,42.21,100.0,2026-04
2026-04-15,Esha Villas,88.54,42.17,100.0,2026-04
2026-04-16,Esha Villas,88.54,42.13,100.0,2026-04
2026-04-17,Esha Villas,88.54,42.09,100.0,2026-04
2026-04-18,Esha Villas,88.54,42.05,100.0,2026-04
2026-04-19,Esha Villas,88.54,42.01,100.0,2026-04
2026-04-20,Esha Villas,88.54,41.98,100.0,2026-04
2026-04-21,Esha Villas,88.54,41.94,100.0,2026-04
2026-04-22,Esha Villas,88.54,41.9,100.0,2026-04
2026-04-23,Esha Villas,88.54,41.86,100.0,2026-04
2026-04-24,Esha Villas,88.54,41.82,100.0,2026-04
2026-04-25,Esha Villas,88.54,41.78,100.0,2026-04
2026-04-26,Esha Villas,88.54,41.75,100.0,2026-04
2026-04-27,Esha Villas,88.54,41.71,100.0,2026-04
2026-04-28,Esha Villas,88.54,41.67,100.0,2026-04
2026-04-29,Esha Villas,88.54,41.63,100.0,2026-04
2026-04-30,Esha Villas,88.54,41.59,100.0,2026-04
2026-05-01,Esha Villas,88.54,41.56,100.0,2026-05
2026-05-02,Esha Villas,88.54,41.52,100.0,2026-05
2026-05-03,Esha Villas,88.54,41.48,100.0,2026-05
2026-05-04,Esha Villas,88.54,41.44,100.0,2026-05
2026-05-05,Esha Villas,88.54,41.4,100.0,2026-05
2026-05-06,Esha Villas,88.54,41.37,100.0,2026-05
2026-05-07,Esha Villas,88.54,41.33,100.0,2026-05
2026-05-08,Esha Villas,88.54,41.29,100.0,2026-05
2026-05-09,Esha Villas,88.54,41.25,100.0,2026-05
2026-05-10,Esha Villas,88.54,41.22,100.0,2026-05
2026-05-11,Esha Villas,88.54,41.18,100.0,2026-05
2026-05-12,Esha Villas,88.54,41.14,100.0,2026-05
2026-05-13,Esha Villas,88.54,41.1,100.0,2026-05
2026-05-14,Esha Villas,88.54,41.07,100.0,2026-05
2026-05-15,Esha Villas,88.54,41.03,100.0,2026-05
2026-05-16,Esha Villas,88.54,40.99,100.0,2026-05
2026-05-17,Esha Villas,88.54,40.95,100.0,2026-05
2026-05-18,Esha Villas,88.54,40.92,100.0,2026-05
2026-05-19,Esha Villas,88.54,40.88,100.0,2026-05
2026-05-20,Esha Villas,88.54,40.84,100.0,2026-05
2026-05-21,Esha Villas,88.54,40.8,100.0,2026-05
2026-05-22,Esha Villas,88.54,40.77,100.0,2026-05
2026-05-23,Esha Villas,88.54,40.73,100.0,2026-05
2026-05-24,Esha Villas,88.54,40.69,100.0,2026-05
2026-05-25,Esha Villas,88.54,40.65,100.0,2026-05
2026-05-26,Esha Villas,88.54,40.62,100.0,2026-05
2026-05-27,Esha Villas,88.54,40.58,100.0,2026-05
2026-05-28,Esha Villas,88.54,40.54,100.0,2026-05
2026-05-29,Esha Villas,88.54,40.51,100.0,2026-05
2026-05-30,Esha Villas,88.54,40.47,100.0,2026-05
2026-05-31,Esha Villas,88.54,40.43,100.0,2026-05
2026-06-01,Esha Villas,88.54,40.39,100.0,2026-06
2026-06-02,Esha Villas,88.54,40.36,100.0,2026-06
2026-06-03,Esha Villas,88.54,40.32,100.0,2026-06
2026-06-04,Esha Villas,88.54,40.28,100.0,2026-06
2026-06-05,Esha Villas,88.54,40.25,100.0,2026-06
2026-06-06,Esha Villas,88.54,40.21,100.0,2026-06
2026-06-07,Esha Villas,88.54,40.17,100.0,2026-06
2026-06-08,Esha Villas,88.54,40.14,100.0,2026-06
2026-06-09,Esha Villas,88.54,40.1,100.0,2026-06
2026-06-10,Esha Villas,88.54,40.06,100.0,2026-06
2026-06-11,Esha Villas,88.54,40.02,100.0,2026-06
2026-06-12,Esha Villas,88.54,39.99,100.0,2026-06
2026-06-13,Esha Villas,88.54,39.95,100.0,2026-06
2026-06-14,Esha Villas,88.54,39.91,100.0,2026-06
2026-06-15,Esha Villas,88.54,39.88,100.0,2026-06
2026-06-16,Esha Villas,88.54,39.84,100.0,2026-06
2026-06-17,Esha Villas,88.54,39.8,100.0,2026-06
2026-06-18,Esha Villas,88.54,39.77,100.0,2026-06
2026-06-19,Esha Villas,88.54,39.73,100.0,2026-06
2026-06-20,Esha Villas,88.54,39.7,100.0,2026-06
2026-06-21,Esha Villas,88.54,39.66,100.0,2026-06
2026-06-22,Esha Villas,88.54,39.62,100.0,2026-06
2026-06-23,Esha Villas,88.54,39.59,100.0,2026-06
2026-06-24,Esha Villas,88.54,39.55,100.0,2026-06
2026-06-25,Esha Villas,88.54,39.51,100.0,2026-06
2026-06-26,Esha Villas,88.54,39.48,100.0,2026-06
2026-06-27,Esha Villas,88.54,39.44,100.0,2026-06
2026-06-28,Esha Villas,88.54,39.4,100.0,2026-06
2026-06-29,Esha Villas,88.54,39.37,100.0,2026-06
2026-01-01,Ozamiz Villas,98.89,79.0,100.0,2026-01
2026-01-02,Ozamiz Villas,98.07,73.23,100.0,2026-01
2026-01-03,Ozamiz Villas,97.18,67.69,100.0,2026-01
2026-01-04,Ozamiz Villas,96.32,63.02,100.0,2026-01
2026-01-05,Ozamiz Villas,95.46,58.79,100.0,2026-01
2026-01-06,Ozamiz Villas,94.62,54.92,100.0,2026-01
2026-01-07,Ozamiz Villas,93.78,51.32,100.0,2026-01
2026-01-08,Ozamiz Villas,92.9,47.57,100.0,2026-01
2026-01-09,Ozamiz Villas,92.04,44.14,100.0,2026-01
2026-01-10,Ozamiz Villas,91.18,40.88,100.0,2026-01
2026-01-11,Ozamiz Villas,90.33,37.79,100.0,2026-01
2026-01-12,Ozamiz Villas,89.5,34.83,100.0,2026-01
2026-01-13,Ozamiz Villas,88.67,32.0,100.0,2026-01
2026-01-14,Ozamiz Villas,87.84,29.29,100.0,2026-01
2026-01-15,Ozamiz Villas,86.98,26.4,100.0,2026-01
2026-01-16,Ozamiz Villas,86.14,23.69,100.0,2026-01
2026-01-17,Ozamiz Villas,85.3,21.06,100.0,2026-01
2026-01-18,Ozamiz Villas,84.47,18.52,100.0,2026-01
2026-01-19,Ozamiz Villas,83.65,16.07,100.0,2026-01
2026-01-20,Ozamiz Villas,82.83,13.69,100.0,2026-01
2026-01-21,Ozamiz Villas,82.03,11.39,100.0,2026-01
2026-01-22,Ozamiz Villas,81.23,9.13,100.0,2026-01
2026-01-23,Ozamiz Villas,80.43,6.94,100.0,2026-01
2026-01-24,Ozamiz Villas,79.65,4.81,100.0,2026-01
2026-01-25,Ozamiz Villas,78.87,2.74,100.0,2026-01
2026-01-26,Ozamiz Villas,78.1,0.72,100.0,2026-01
2026-01-27,Ozamiz Villas,77.33,0.0,100.0,2026-01
2026-01-28,Ozamiz Villas,76.58,0.0,100.0,2026-01
2026-01-29,Ozamiz Villas,75.83,0.0,100.0,2026-01
2026-01-30,Ozamiz Villas,75.09,0.0,100.0,2026-01
2026-01-31,Ozamiz Villas,74.35,0.0,100.0,2026-01
2026-02-01,Ozamiz Villas,73.62,0.0,100.0,2026-02
2026-02-02,Ozamiz Villas,72.9,0.0,100.0,2026-02
2026-02-03,Ozamiz Villas,72.19,0.0,100.0,2026-02
2026-02-04,Ozamiz Villas,71.48,0.0,100.0,2026-02
2026-02-05,Ozamiz Villas,70.78,0.0,100.0,2026-02
2026-02-06,Ozamiz Villas,70.09,0.0,100.0,2026-02
2026-02-07,Ozamiz Villas,69.4,0.0,100.0,2026-02
2026-02-08,Ozamiz Villas,68.72,0.0,100.0,2026-02
2026-02-09,Ozamiz Villas,68.05,0.0,100.0,2026-02
2026-02-10,Ozamiz Villas,67.38,0.0,100.0,2026-02
2026-02-11,Ozamiz Villas,66.72,0.0,100.0,2026-02
2026-02-12,Ozamiz Villas,66.07,0.0,100.0,2026-02
2026-02-13,Ozamiz Villas,65.42,0.0,100.0,2026-02
2026-02-14,Ozamiz Villas,64.78,0.0,100.0,2026-02
2026-02-15,Ozamiz Villas,64.14,0.0,100.0,2026-02
2026-02-16,Ozamiz Villas,63.52,0.0,100.0,2026-02
2026-02-17,Ozamiz Villas,62.89,0.0,100.0,2026-02
2026-02-18,Ozamiz Villas,62.28,0.0,100.0,2026-02
2026-02-19,Ozamiz Villas,61.67,0.0,100.0,2026-02
2026-02-20,Ozamiz Villas,61.06,0.0,100.0,2026-02
2026-02-21,Ozamiz Villas,60.47,0.0,100.0,2026-02
2026-02-22,Ozamiz Villas,59.87,0.0,100.0,2026-02
2026-02-23,Ozamiz Villas,59.29,0.0,100.0,2026-02
2026-02-24,Ozamiz Villas,58.71,0.0,100.0,2026-02
2026-02-25,Ozamiz Villas,58.13,0.0,100.0,2026-02
2026-02-26,Ozamiz Villas,57.56,0.0,100.0,2026-02
2026-02-27,Ozamiz Villas,57.0,0.0,100.0,2026-02
2026-02-28,Ozamiz Villas,56.44,0.0,100.0,2026-02
2026-03-01,Ozamiz Villas,55.89,0.0,100.0,2026-03
2026-03-02,Ozamiz Villas,55.34,0.0,100.0,2026-03
2026-03-03,Ozamiz Villas,54.8,0.0,100.0,2026-03
2026-03-04,Ozamiz Villas,54.26,0.0,100.0,2026-03
2026-03-05,Ozamiz Villas,53.73,0.0,100.0,2026-03
2026-03-06,Ozamiz Villas,53.2,0.0,100.0,2026-03
2026-03-07,Ozamiz Villas,52.68,0.0,100.0,2026-03
2026-03-08,Ozamiz Villas,52.16,0.0,100.0,2026-03
2026-03-09,Ozamiz Villas,51.65,0.0,100.0,2026-03
2026-03-10,Ozamiz Villas,51.15,0.0,100.0,2026-03
2026-03-11,Ozamiz Villas,50.65,0.0,100.0,2026-03
2026-03-12,Ozamiz Villas,50.15,0.0,100.0,2026-03
2026-03-13,Ozamiz Villas,49.66,0.0,100.0,2026-03
2026-03-14,Ozamiz Villas,49.17,0.0,100.0,2026-03
2026-03-15,Ozamiz Villas,48.69,0.0,100.0,2026-03
2026-03-16,Ozamiz Villas,48.21,0.0,100.0,2026-03
2026-03-17,Ozamiz Villas,47.74,0.0,100.0,2026-03
2026-03-18,Ozamiz Villas,47.27,0.0,100.0,2026-03
2026-03-19,Ozamiz Villas,46.81,0.0,100.0,2026-03
2026-03-20,Ozamiz Villas,46.35,0.0,100.0,2026-03
2026-03-21,Ozamiz Villas,45.9,0.0,100.0,2026-03
2026-03-22,Ozamiz Villas,45.45,0.0,100.0,2026-03
2026-03-23,Ozamiz Villas,45.0,0.0,100.0,2026-03
2026-03-24,Ozamiz Villas,44.56,0.0,100.0,2026-03
2026-03-25,Ozamiz Villas,44.12,0.0,100.0,2026-03
2026-03-26,Ozamiz Villas,43.69,0.0,100.0,2026-03
2026-03-27,Ozamiz Villas,43.26,0.0,100.0,2026-03
2026-03-28,Ozamiz Villas,42.84,0.0,100.0,2026-03
2026-03-29,Ozamiz Villas,42.42,0.0,100.0,2026-03
2026-03-30,Ozamiz Villas,42.0,0.0,100.0,2026-03
2026-03-31,Ozamiz Villas,41.59,0.0,100.0,2026-03
2026-04-01,Ozamiz Villas,41.19,0.0,100.0,2026-04
2026-04-02,Ozamiz Villas,40.78,0.0,100.0,2026-04
2026-04-03,Ozamiz Villas,40.38,0.0,100.0,2026-04
2026-04-04,Ozamiz Villas,39.99,0.0,100.0,2026-04
2026-04-05,Ozamiz Villas,39.59,0.0,100.0,2026-04
2026-04-06,Ozamiz Villas,39.21,0.0,100.0,2026-04
2026-04-07,Ozamiz Villas,38.82,0.0,100.0,2026-04
2026-04-08,Ozamiz Villas,38.44,0.0,100.0,2026-04
2026-04-09,Ozamiz Villas,38.07,0.0,100.0,2026-04
2026-04-10,Ozamiz Villas,37.69,0.0,100.0,2026-04
2026-04-11,Ozamiz Villas,37.32,0.0,100.0,2026-04
2026-04-12,Ozamiz Villas,36.96,0.0,100.0,2026-04
2026-04-13,Ozamiz Villas,36.6,0.0,100.0,2026-04
2026-04-14,Ozamiz Villas,36.24,0.0,100.0,2026-04
2026-04-15,Ozamiz Villas,35.88,0.0,100.0,2026-04
2026-04-16,Ozamiz Villas,35.53,0.0,100.0,2026-04
2026-04-17,Ozamiz Villas,35.18,0.0,100.0,2026-04
2026-04-18,Ozamiz Villas,34.84,0.0,100.0,2026-04
2026-04-19,Ozamiz Villas,34.5,0.0,100.0,2026-04
2026-04-20,Ozamiz Villas,34.16,0.0,100.0,2026-04
2026-04-21,Ozamiz Villas,33.82,0.0,100.0,2026-04
2026-04-22,Ozamiz Villas,33.49,0.0,100.0,2026-04
2026-04-23,Ozamiz Villas,33.16,0.0,100.0,2026-04
2026-04-24,Ozamiz Villas,32.84,0.0,100.0,2026-04
2026-04-25,Ozamiz Villas,32.52,0.0,100.0,2026-04
2026-04-26,Ozamiz Villas,32.2,0.0,100.0,2026-04
2026-04-27,Ozamiz Villas,31.88,0.0,100.0,2026-04
2026-04-28,Ozamiz Villas,31.57,0.0,100.0,2026-04
2026-04-29,Ozamiz Villas,31.26,0.0,100.0,2026-04
2026-04-30,Ozamiz Villas,30.96,0.0,100.0,2026-04
2026-05-01,Ozamiz Villas,30.65,0.0,100.0,2026-05
2026-05-02,Ozamiz Villas,30.35,0.0,100.0,2026-05
2026-05-03,Ozamiz Villas,30.05,0.0,100.0,2026-05
2026-05-04,Ozamiz Villas,29.76,0.0,100.0,2026-05
2026-05-05,Ozamiz Villas,29.47,0.0,100.0,2026-05
2026-05-06,Ozamiz Villas,29.18,0.0,100.0,2026-05
2026-05-07,Ozamiz Villas,28.89,0.0,100.0,2026-05
2026-05-08,Ozamiz Villas,28.61,0.0,100.0,2026-05
2026-05-09,Ozamiz Villas,28.33,0.0,100.0,2026-05
2026-05-10,Ozamiz Villas,28.05,0.0,100.0,2026-05
2026-05-11,Ozamiz Villas,27.78,0.0,100.0,2026-05
2026-05-12,Ozamiz Villas,27.51,0.0,100.0,2026-05
2026-05-13,Ozamiz Villas,27.24,0.0,100.0,2026-05
2026-05-14,Ozamiz Villas,26.97,0.0,100.0,2026-05
2026-05-15,Ozamiz Villas,26.71,0.0,100.0,2026-05
2026-05-16,Ozamiz Villas,26.44,0.0,100.0,2026-05
2026-05-17,Ozamiz Villas,26.18,0.0,100.0,2026-05
2026-05-18,Ozamiz Villas,25.93,0.0,100.0,2026-05
2026-05-19,Ozamiz Villas,25.67,0.0,100.0,2026-05
2026-05-20,Ozamiz Villas,25.42,0.0,100.0,2026-05
2026-05-21,Ozamiz Villas,25.17,0.0,100.0,2026-05
2026-05-22,Ozamiz Villas,24.93,0.0,100.0,2026-05
2026-05-23,Ozamiz Villas,24.68,0.0,100.0,2026-05
2026-05-24,Ozamiz Villas,24.44,0.0,100.0,2026-05
2026-05-25,Ozamiz Villas,24.2,0.0,100.0,2026-05
2026-05-26,Ozamiz Villas,23.96,0.0,100.0,2026-05
2026-05-27,Ozamiz Villas,23.73,0.0,100.0,2026-05
2026-05-28,Ozamiz Villas,23.5,0.0,100.0,2026-05
2026-05-29,Ozamiz Villas,23.27,0.0,100.0,2026-05
2026-05-30,Ozamiz Villas,23.04,0.0,100.0,2026-05
2026-05-31,Ozamiz Villas,22.81,0.0,100.0,2026-05
2026-06-01,Ozamiz Villas,22.59,0.0,100.0,2026-06
2026-06-02,Ozamiz Villas,22.37,0.0,100.0,2026-06
2026-06-03,Ozamiz Villas,22.15,0.0,100.0,2026-06
2026-06-04,Ozamiz Villas,21.93,0.0,100.0,2026-06
2026-06-05,Ozamiz Villas,21.72,0.0,100.0,2026-06
2026-06-06,Ozamiz Villas,21.5,0.0,100.0,2026-06
2026-06-07,Ozamiz Villas,21.29,0.0,100.0,2026-06
2026-06-08,Ozamiz Villas,21.08,0.0,100.0,2026-06
2026-06-09,Ozamiz Villas,20.88,0.0,100.0,2026-06
2026-06-10,Ozamiz Villas,20.67,0.0,100.0,2026-06
2026-06-11,Ozamiz Villas,20.47,0.0,100.0,2026-06
2026-06-12,Ozamiz Villas,20.27,0.0,100.0,2026-06
2026-06-13,Ozamiz Villas,20.07,0.0,100.0,2026-06
2026-06-14,Ozamiz Villas,19.88,0.0,100.0,2026-06
2026-06-15,Ozamiz Villas,19.68,0.0,100.0,2026-06
2026-06-16,Ozamiz Villas,19.49,0.0,100.0,2026-06
2026-06-17,Ozamiz Villas,19.3,0.0,100.0,2026-06
2026-06-18,Ozamiz Villas,19.11,0.0,100.0,2026-06
2026-06-19,Ozamiz Villas,18.92,0.0,100.0,2026-06
2026-06-20,Ozamiz Villas,18.74,0.0,100.0,2026-06
2026-06-21,Ozamiz Villas,18.55,0.0,100.0,2026-06
2026-06-22,Ozamiz Villas,18.37,0.0,100.0,2026-06
2026-06-23,Ozamiz Villas,18.19,0.0,100.0,2026-06
2026-06-24,Ozamiz Villas,18.01,0.0,100.0,2026-06
2026-06-25,Ozamiz Villas,17.84,0.0,100.0,2026-06
2026-06-26,Ozamiz Villas,17.66,0.0,100.0,2026-06
2026-06-27,Ozamiz Villas,17.49,0.0,100.0,2026-06
2026-06-28,Ozamiz Villas,17.32,0.0,100.0,2026-06
2026-06-29,Ozamiz Villas,17.15,0.0,100.0,2026-06
