Date,Booked,Available,Guests,Occupancy,Room Revenue IDR,Daily Revenue IDR,Average Daily Revenue IDR,Revenue per Available Room IDR,Revenue per Guest IDR
Sun 1 Jan 2023,0,1,0,0%,0,0,0,0,0
Mon 2 Jan 2023,0,1,0,0%,0,0,0,0,0
Tue 3 Jan 2023,0,1,0,0%,0,0,0,0,0
Wed 4 Jan 2023,0,1,0,0%,0,0,0,0,0
Thu 5 Jan 2023,0,1,0,0%,0,0,0,0,0
Fri 6 Jan 2023,0,1,0,0%,0,0,0,0,0
Sat 7 Jan 2023,0,1,0,0%,0,0,0,0,0
Sun 8 Jan 2023,0,1,0,0%,0,0,0,0,0
Mon 9 Jan 2023,0,1,0,0%,0,0,0,0,0
Tue 10 Jan 2023,0,1,0,0%,0,0,0,0,0
Wed 11 Jan 2023,0,1,0,0%,0,0,0,0,0
Thu 12 Jan 2023,0,1,0,0%,0,0,0,0,0
Fri 13 Jan 2023,0,1,0,0%,0,0,0,0,0
Sat 14 Jan 2023,0,1,0,0%,0,0,0,0,0
Sun 15 Jan 2023,0,1,0,0%,0,0,0,0,0
Mon 16 Jan 2023,0,1,0,0%,0,0,0,0,0
Tue 17 Jan 2023,0,1,0,0%,0,0,0,0,0
Wed 18 Jan 2023,0,1,0,0%,0,0,0,0,0
Thu 19 Jan 2023,0,1,0,0%,0,0,0,0,0
Fri 20 Jan 2023,0,1,0,0%,0,0,0,0,0
Sat 21 Jan 2023,0,1,0,0%,0,0,0,0,0
Sun 22 Jan 2023,0,1,0,0%,0,0,0,0,0
Mon 23 Jan 2023,0,1,0,0%,0,0,0,0,0
Tue 24 Jan 2023,0,1,0,0%,0,0,0,0,0
Wed 25 Jan 2023,0,1,0,0%,0,0,0,0,0
Thu 26 Jan 2023,0,1,0,0%,0,0,0,0,0
Fri 27 Jan 2023,0,1,0,0%,0,0,0,0,0
Sat 28 Jan 2023,0,1,0,0%,0,0,0,0,0
Sun 29 Jan 2023,0,1,0,0%,0,0,0,0,0
Mon 30 Jan 2023,0,1,0,0%,0,0,0,0,0
Tue 31 Jan 2023,0,1,0,0%,0,0,0,0,0
Wed 1 Feb 2023,0,1,0,0%,0,0,0,0,0
Thu 2 Feb 2023,0,1,0,0%,0,0,0,0,0
Fri 3 Feb 2023,0,1,0,0%,0,0,0,0,0
Sat 4 Feb 2023,0,1,0,0%,0,0,0,0,0
Sun 5 Feb 2023,0,1,0,0%,0,0,0,0,0
Mon 6 Feb 2023,0,1,0,0%,0,0,0,0,0
Tue 7 Feb 2023,0,1,0,0%,0,0,0,0,0
Wed 8 Feb 2023,0,1,0,0%,0,0,0,0,0
Thu 9 Feb 2023,0,1,0,0%,0,0,0,0,0
Fri 10 Feb 2023,0,1,0,0%,0,0,0,0,0
Sat 11 Feb 2023,0,1,0,0%,0,0,0,0,0
Sun 12 Feb 2023,0,1,0,0%,0,0,0,0,0
Mon 13 Feb 2023,0,1,0,0%,0,0,0,0,0
Tue 14 Feb 2023,0,1,0,0%,0,0,0,0,0
Wed 15 Feb 2023,0,1,0,0%,0,0,0,0,0
Thu 16 Feb 2023,0,1,0,0%,0,0,0,0,0
Fri 17 Feb 2023,0,1,0,0%,0,0,0,0,0
Sat 18 Feb 2023,0,1,0,0%,0,0,0,0,0
Sun 19 Feb 2023,0,1,0,0%,0,0,0,0,0
Mon 20 Feb 2023,0,1,0,0%,0,0,0,0,0
Tue 21 Feb 2023,0,1,0,0%,0,0,0,0,0
Wed 22 Feb 2023,0,1,0,0%,0,0,0,0,0
Thu 23 Feb 2023,0,1,0,0%,0,0,0,0,0
Fri 24 Feb 2023,0,1,0,0%,0,0,0,0,0
Sat 25 Feb 2023,0,1,0,0%,0,0,0,0,0
Sun 26 Feb 2023,0,1,0,0%,0,0,0,0,0
Mon 27 Feb 2023,0,1,0,0%,0,0,0,0,0
Tue 28 Feb 2023,0,1,0,0%,0,0,0,0,0
Wed 1 Mar 2023,0,1,0,0%,0,0,0,0,0
Thu 2 Mar 2023,0,1,0,0%,0,0,0,0,0
Fri 3 Mar 2023,0,1,0,0%,0,0,0,0,0
Sat 4 Mar 2023,0,1,0,0%,0,0,0,0,0
Sun 5 Mar 2023,0,1,0,0%,0,0,0,0,0
Mon 6 Mar 2023,0,1,0,0%,0,0,0,0,0
Tue 7 Mar 2023,0,1,0,0%,0,0,0,0,0
Wed 8 Mar 2023,0,1,0,0%,0,0,0,0,0
Thu 9 Mar 2023,0,1,0,0%,0,0,0,0,0
Fri 10 Mar 2023,0,1,0,0%,0,0,0,0,0
Sat 11 Mar 2023,0,1,0,0%,0,0,0,0,0
Sun 12 Mar 2023,0,1,0,0%,0,0,0,0,0
Mon 13 Mar 2023,0,1,0,0%,0,0,0,0,0
Tue 14 Mar 2023,0,1,0,0%,0,0,0,0,0
Wed 15 Mar 2023,0,1,0,0%,0,0,0,0,0
Thu 16 Mar 2023,0,1,0,0%,0,0,0,0,0
Fri 17 Mar 2023,0,1,0,0%,0,0,0,0,0
Sat 18 Mar 2023,0,1,0,0%,0,0,0,0,0
Sun 19 Mar 2023,0,1,0,0%,0,0,0,0,0
Mon 20 Mar 2023,0,1,0,0%,0,0,0,0,0
Tue 21 Mar 2023,0,1,0,0%,0,0,0,0,0
Wed 22 Mar 2023,0,1,0,0%,0,0,0,0,0
Thu 23 Mar 2023,0,1,0,0%,0,0,0,0,0
Fri 24 Mar 2023,0,1,0,0%,0,0,0,0,0
Sat 25 Mar 2023,0,1,0,0%,0,0,0,0,0
Sun 26 Mar 2023,0,1,0,0%,0,0,0,0,0
Mon 27 Mar 2023,0,1,0,0%,0,0,0,0,0
Tue 28 Mar 2023,0,1,0,0%,0,0,0,0,0
Wed 29 Mar 2023,0,1,0,0%,0,0,0,0,0
Thu 30 Mar 2023,0,1,0,0%,0,0,0,0,0
Fri 31 Mar 2023,0,1,0,0%,0,0,0,0,0
Sat 1 Apr 2023,0,1,0,0%,0,0,0,0,0
Sun 2 Apr 2023,0,1,0,0%,0,0,0,0,0
Mon 3 Apr 2023,0,1,0,0%,0,0,0,0,0
Tue 4 Apr 2023,0,1,0,0%,0,0,0,0,0
Wed 5 Apr 2023,0,1,0,0%,0,0,0,0,0
Thu 6 Apr 2023,0,1,0,0%,0,0,0,0,0
Fri 7 Apr 2023,0,1,0,0%,0,0,0,0,0
Sat 8 Apr 2023,0,1,0,0%,0,0,0,0,0
Sun 9 Apr 2023,0,1,0,0%,0,0,0,0,0
Mon 10 Apr 2023,0,1,0,0%,0,0,0,0,0
Tue 11 Apr 2023,0,1,0,0%,0,0,0,0,0
Wed 12 Apr 2023,0,1,0,0%,0,0,0,0,0
Thu 13 Apr 2023,0,1,0,0%,0,0,0,0,0
Fri 14 Apr 2023,0,1,0,0%,0,0,0,0,0
Sat 15 Apr 2023,0,1,0,0%,0,0,0,0,0
Sun 16 Apr 2023,0,1,0,0%,0,0,0,0,0
Mon 17 Apr 2023,0,1,0,0%,0,0,0,0,0
Tue 18 Apr 2023,0,1,0,0%,0,0,0,0,0
Wed 19 Apr 2023,0,1,0,0%,0,0,0,0,0
Thu 20 Apr 2023,0,1,0,0%,0,0,0,0,0
Fri 21 Apr 2023,0,1,0,0%,0,0,0,0,0
Sat 22 Apr 2023,0,1,0,0%,0,0,0,0,0
Sun 23 Apr 2023,0,1,0,0%,0,0,0,0,0
Mon 24 Apr 2023,0,1,0,0%,0,0,0,0,0
Tue 25 Apr 2023,0,1,0,0%,0,0,0,0,0
Wed 26 Apr 2023,0,1,0,0%,0,0,0,0,0
Thu 27 Apr 2023,0,1,0,0%,0,0,0,0,0
Fri 28 Apr 2023,0,1,0,0%,0,0,0,0,0
Sat 29 Apr 2023,0,1,0,0%,0,0,0,0,0
Sun 30 Apr 2023,0,1,0,0%,0,0,0,0,0
Mon 1 May 2023,0,1,0,0%,0,0,0,0,0
Tue 2 May 2023,0,1,0,0%,0,0,0,0,0
Wed 3 May 2023,0,1,0,0%,0,0,0,0,0
Thu 4 May 2023,0,1,0,0%,0,0,0,0,0
Fri 5 May 2023,0,1,0,0%,0,0,0,0,0
Sat 6 May 2023,0,1,0,0%,0,0,0,0,0
Sun 7 May 2023,0,1,0,0%,0,0,0,0,0
Mon 8 May 2023,0,1,0,0%,0,0,0,0,0
Tue 9 May 2023,0,1,0,0%,0,0,0,0,0
Wed 10 May 2023,0,1,0,0%,0,0,0,0,0
Thu 11 May 2023,0,1,0,0%,0,0,0,0,0
Fri 12 May 2023,0,1,0,0%,0,0,0,0,0
Sat 13 May 2023,0,1,0,0%,0,0,0,0,0
Sun 14 May 2023,0,1,0,0%,0,0,0,0,0
Mon 15 May 2023,0,1,0,0%,0,0,0,0,0
Tue 16 May 2023,0,1,0,0%,0,0,0,0,0
Wed 17 May 2023,0,1,0,0%,0,0,0,0,0
Thu 18 May 2023,0,1,0,0%,0,0,0,0,0
Fri 19 May 2023,0,1,0,0%,0,0,0,0,0
Sat 20 May 2023,0,1,0,0%,0,0,0,0,0
Sun 21 May 2023,0,1,0,0%,0,0,0,0,0
Mon 22 May 2023,0,1,0,0%,0,0,0,0,0
Tue 23 May 2023,0,1,0,0%,0,0,0,0,0
Wed 24 May 2023,0,1,0,0%,0,0,0,0,0
Thu 25 May 2023,0,1,0,0%,0,0,0,0,0
Fri 26 May 2023,0,1,0,0%,0,0,0,0,0
Sat 27 May 2023,0,1,0,0%,0,0,0,0,0
Sun 28 May 2023,0,1,0,0%,0,0,0,0,0
Mon 29 May 2023,0,1,0,0%,0,0,0,0,0
Tue 30 May 2023,0,1,0,0%,0,0,0,0,0
Wed 31 May 2023,0,1,0,0%,0,0,0,0,0
Thu 1 Jun 2023,0,1,0,0%,0,0,0,0,0
Fri 2 Jun 2023,0,1,0,0%,0,0,0,0,0
Sat 3 Jun 2023,0,1,0,0%,0,0,0,0,0
Sun 4 Jun 2023,0,1,0,0%,0,0,0,0,0
Mon 5 Jun 2023,0,1,0,0%,0,0,0,0,0
Tue 6 Jun 2023,0,1,0,0%,0,0,0,0,0
Wed 7 Jun 2023,0,1,0,0%,0,0,0,0,0
Thu 8 Jun 2023,0,1,0,0%,0,0,0,0,0
Fri 9 Jun 2023,0,1,0,0%,0,0,0,0,0
Sat 10 Jun 2023,0,1,0,0%,0,0,0,0,0
Sun 11 Jun 2023,0,1,0,0%,0,0,0,0,0
Mon 12 Jun 2023,0,1,0,0%,0,0,0,0,0
Tue 13 Jun 2023,0,1,0,0%,0,0,0,0,0
Wed 14 Jun 2023,0,1,0,0%,0,0,0,0,0
Thu 15 Jun 2023,0,1,0,0%,0,0,0,0,0
Fri 16 Jun 2023,0,1,0,0%,0,0,0,0,0
Sat 17 Jun 2023,0,1,0,0%,0,0,0,0,0
Sun 18 Jun 2023,0,1,0,0%,0,0,0,0,0
Mon 19 Jun 2023,0,1,0,0%,0,0,0,0,0
Tue 20 Jun 2023,0,1,0,0%,0,0,0,0,0
Wed 21 Jun 2023,0,1,0,0%,0,0,0,0,0
Thu 22 Jun 2023,0,1,0,0%,0,0,0,0,0
Fri 23 Jun 2023,0,1,0,0%,0,0,0,0,0
Sat 24 Jun 2023,0,1,0,0%,0,0,0,0,0
Sun 25 Jun 2023,0,1,0,0%,0,0,0,0,0
Mon 26 Jun 2023,0,1,0,0%,0,0,0,0,0
Tue 27 Jun 2023,0,1,0,0%,0,0,0,0,0
Wed 28 Jun 2023,0,1,0,0%,0,0,0,0,0
Thu 29 Jun 2023,0,1,0,0%,0,0,0,0,0
Fri 30 Jun 2023,0,1,0,0%,0,0,0,0,0
Sat 1 Jul 2023,0,1,0,0%,0,0,0,0,0
Sun 2 Jul 2023,0,1,0,0%,0,0,0,0,0
Mon 3 Jul 2023,0,1,0,0%,0,0,0,0,0
Tue 4 Jul 2023,0,1,0,0%,0,0,0,0,0
Wed 5 Jul 2023,0,1,0,0%,0,0,0,0,0
Thu 6 Jul 2023,0,1,0,0%,0,0,0,0,0
Fri 7 Jul 2023,0,1,0,0%,0,0,0,0,0
Sat 8 Jul 2023,0,1,0,0%,0,0,0,0,0
Sun 9 Jul 2023,0,1,0,0%,0,0,0,0,0
Mon 10 Jul 2023,0,1,0,0%,0,0,0,0,0
Tue 11 Jul 2023,0,1,0,0%,0,0,0,0,0
Wed 12 Jul 2023,0,1,0,0%,0,0,0,0,0
Thu 13 Jul 2023,0,1,0,0%,0,0,0,0,0
Fri 14 Jul 2023,0,1,0,0%,0,0,0,0,0
Sat 15 Jul 2023,0,1,0,0%,0,0,0,0,0
Sun 16 Jul 2023,0,1,0,0%,0,0,0,0,0
Mon 17 Jul 2023,0,1,0,0%,0,0,0,0,0
Tue 18 Jul 2023,0,1,0,0%,0,0,0,0,0
Wed 19 Jul 2023,0,1,0,0%,0,0,0,0,0
Thu 20 Jul 2023,0,1,0,0%,0,0,0,0,0
Fri 21 Jul 2023,0,1,0,0%,0,0,0,0,0
Sat 22 Jul 2023,0,1,0,0%,0,0,0,0,0
Sun 23 Jul 2023,0,1,0,0%,0,0,0,0,0
Mon 24 Jul 2023,0,1,0,0%,0,0,0,0,0
Tue 25 Jul 2023,0,1,0,0%,0,0,0,0,0
Wed 26 Jul 2023,0,1,0,0%,0,0,0,0,0
Thu 27 Jul 2023,0,1,0,0%,0,0,0,0,0
Fri 28 Jul 2023,0,1,0,0%,0,0,0,0,0
Sat 29 Jul 2023,0,1,0,0%,0,0,0,0,0
Sun 30 Jul 2023,0,1,0,0%,0,0,0,0,0
Mon 31 Jul 2023,0,1,0,0%,0,0,0,0,0
Tue 1 Aug 2023,0,1,0,0%,0,0,0,0,0
Wed 2 Aug 2023,0,1,0,0%,0,0,0,0,0
Thu 3 Aug 2023,0,1,0,0%,0,0,0,0,0
Fri 4 Aug 2023,0,1,0,0%,0,0,0,0,0
Sat 5 Aug 2023,0,1,0,0%,0,0,0,0,0
Sun 6 Aug 2023,0,1,0,0%,0,0,0,0,0
Mon 7 Aug 2023,0,1,0,0%,0,0,0,0,0
Tue 8 Aug 2023,0,1,0,0%,0,0,0,0,0
Wed 9 Aug 2023,0,1,0,0%,0,0,0,0,0
Thu 10 Aug 2023,0,1,0,0%,0,0,0,0,0
Fri 11 Aug 2023,0,1,0,0%,0,0,0,0,0
Sat 12 Aug 2023,0,1,0,0%,0,0,0,0,0
Sun 13 Aug 2023,0,1,0,0%,0,0,0,0,0
Mon 14 Aug 2023,0,1,0,0%,0,0,0,0,0
Tue 15 Aug 2023,0,1,0,0%,0,0,0,0,0
Wed 16 Aug 2023,0,1,0,0%,0,0,0,0,0
Thu 17 Aug 2023,0,1,0,0%,0,0,0,0,0
Fri 18 Aug 2023,0,1,0,0%,0,0,0,0,0
Sat 19 Aug 2023,0,1,0,0%,0,0,0,0,0
Sun 20 Aug 2023,0,1,0,0%,0,0,0,0,0
Mon 21 Aug 2023,0,1,0,0%,0,0,0,0,0
Tue 22 Aug 2023,0,1,0,0%,0,0,0,0,0
Wed 23 Aug 2023,0,1,0,0%,0,0,0,0,0
Thu 24 Aug 2023,0,1,0,0%,0,0,0,0,0
Fri 25 Aug 2023,0,1,0,0%,0,0,0,0,0
Sat 26 Aug 2023,0,1,0,0%,0,0,0,0,0
Sun 27 Aug 2023,0,1,0,0%,0,0,0,0,0
Mon 28 Aug 2023,0,1,0,0%,0,0,0,0,0
Tue 29 Aug 2023,0,1,0,0%,0,0,0,0,0
Wed 30 Aug 2023,0,1,0,0%,0,0,0,0,0
Thu 31 Aug 2023,0,1,0,0%,0,0,0,0,0
Fri 1 Sep 2023,0,1,0,0%,0,0,0,0,0
Sat 2 Sep 2023,0,1,0,0%,0,0,0,0,0
Sun 3 Sep 2023,0,1,0,0%,0,0,0,0,0
Mon 4 Sep 2023,0,1,0,0%,0,0,0,0,0
Tue 5 Sep 2023,0,1,0,0%,0,0,0,0,0
Wed 6 Sep 2023,0,1,0,0%,0,0,0,0,0
Thu 7 Sep 2023,0,1,0,0%,0,0,0,0,0
Fri 8 Sep 2023,0,1,0,0%,0,0,0,0,0
Sat 9 Sep 2023,0,1,0,0%,0,0,0,0,0
Sun 10 Sep 2023,0,1,0,0%,0,0,0,0,0
Mon 11 Sep 2023,0,1,0,0%,0,0,0,0,0
Tue 12 Sep 2023,0,1,0,0%,0,0,0,0,0
Wed 13 Sep 2023,1,0,1,100%,0,0,0,0,0
Thu 14 Sep 2023,1,0,1,100%,0,0,0,0,0
Fri 15 Sep 2023,1,0,1,100%,0,0,0,0,0
Sat 16 Sep 2023,1,0,1,100%,0,0,0,0,0
Sun 17 Sep 2023,1,0,2,100%,1300000,1300000,1300000,1300000,650000
Mon 18 Sep 2023,1,0,2,100%,1300000,1300000,1300000,1300000,650000
Tue 19 Sep 2023,1,0,2,100%,1300000,1300000,1300000,1300000,650000
Wed 20 Sep 2023,0,1,0,0%,0,0,0,0,0
Thu 21 Sep 2023,1,0,2,100%,0,1170867.57,1170867.57,1170867.57,585433.79
Fri 22 Sep 2023,1,0,2,100%,0,1170867.57,1170867.57,1170867.57,585433.79
Sat 23 Sep 2023,1,0,2,100%,0,1170867.57,1170867.57,1170867.57,585433.79
Sun 24 Sep 2023,1,0,2,100%,0,1170867.57,1170867.57,1170867.57,585433.79
Mon 25 Sep 2023,1,0,2,100%,0,1170867.57,1170867.57,1170867.57,585433.79
Tue 26 Sep 2023,0,1,0,0%,0,0,0,0,0
Wed 27 Sep 2023,1,0,2,100%,0,1463607.33,1463607.33,1463607.33,731803.67
Thu 28 Sep 2023,1,0,2,100%,0,1463607.33,1463607.33,1463607.33,731803.67
Fri 29 Sep 2023,1,0,2,100%,0,1463607.33,1463607.33,1463607.33,731803.67
Sat 30 Sep 2023,0,1,0,0%,0,0,0,0,0
Sun 1 Oct 2023,0,1,0,0%,0,0,0,0,0
Mon 2 Oct 2023,1,0,2,100%,1100000,1100000,1100000,1100000,550000
Tue 3 Oct 2023,1,0,2,100%,1100000,1100000,1100000,1100000,550000
Wed 4 Oct 2023,1,0,2,100%,1100000,1100000,1100000,1100000,550000
Thu 5 Oct 2023,1,0,2,100%,1100000,1100000,1100000,1100000,550000
Fri 6 Oct 2023,1,0,2,100%,1100000,1100000,1100000,1100000,550000
Sat 7 Oct 2023,1,0,2,100%,1100000,1100000,1100000,1100000,550000
Sun 8 Oct 2023,1,0,2,100%,1100000,1100000,1100000,1100000,550000
Mon 9 Oct 2023,1,0,2,100%,1100000,1100000,1100000,1100000,550000
Tue 10 Oct 2023,1,0,2,100%,1100000,1100000,1100000,1100000,550000
Wed 11 Oct 2023,1,0,2,100%,1100000,1100000,1100000,1100000,550000
Thu 12 Oct 2023,1,0,2,100%,1100000,1100000,1100000,1100000,550000
Fri 13 Oct 2023,1,0,2,100%,1100000,1100000,1100000,1100000,550000
Sat 14 Oct 2023,1,0,2,100%,1100000,1100000,1100000,1100000,550000
Sun 15 Oct 2023,1,0,2,100%,1100000,1100000,1100000,1100000,550000
Mon 16 Oct 2023,1,0,2,100%,1100000,1100000,1100000,1100000,550000
Tue 17 Oct 2023,1,0,2,100%,1100000,1100000,1100000,1100000,550000
Wed 18 Oct 2023,1,0,2,100%,1100000,1100000,1100000,1100000,550000
Thu 19 Oct 2023,0,1,0,0%,0,0,0,0,0
Fri 20 Oct 2023,1,0,2,100%,0,1463596,1463596,1463596,731798
Sat 21 Oct 2023,1,0,2,100%,0,1463596,1463596,1463596,731798
Sun 22 Oct 2023,0,1,0,0%,0,0,0,0,0
Mon 23 Oct 2023,0,1,0,0%,0,0,0,0,0
Tue 24 Oct 2023,1,0,2,100%,0,1370262,1370262,1370262,685131
Wed 25 Oct 2023,1,0,2,100%,0,1370262,1370262,1370262,685131
Thu 26 Oct 2023,0,1,0,0%,0,0,0,0,0
Fri 27 Oct 2023,1,0,2,100%,0,1370296.33,1370296.33,1370296.33,685148.17
Sat 28 Oct 2023,1,0,2,100%,0,1370296.33,1370296.33,1370296.33,685148.17
Sun 29 Oct 2023,1,0,2,100%,0,1370296.33,1370296.33,1370296.33,685148.17
Mon 30 Oct 2023,1,0,1,100%,0,1440271.38,1440271.38,1440271.38,1440271.38
Tue 31 Oct 2023,1,0,1,100%,0,1440271.38,1440271.38,1440271.38,1440271.38
Wed 1 Nov 2023,1,0,1,100%,0,1440271.38,1440271.38,1440271.38,1440271.38
Thu 2 Nov 2023,1,0,1,100%,0,1440271.38,1440271.38,1440271.38,1440271.38
Fri 3 Nov 2023,1,0,1,100%,0,1440271.38,1440271.38,1440271.38,1440271.38
Sat 4 Nov 2023,1,0,1,100%,0,1440271.38,1440271.38,1440271.38,1440271.38
Sun 5 Nov 2023,1,0,1,100%,0,1440271.38,1440271.38,1440271.38,1440271.38
Mon 6 Nov 2023,1,0,1,100%,0,1440271.38,1440271.38,1440271.38,1440271.38
Tue 7 Nov 2023,0,1,0,0%,0,0,0,0,0
Wed 8 Nov 2023,0,1,0,0%,0,0,0,0,0
Thu 9 Nov 2023,1,0,2,100%,0,1463657,1463657,1463657,731828.5
Fri 10 Nov 2023,0,1,0,0%,0,0,0,0,0
Sat 11 Nov 2023,1,0,1,100%,0,1463586.83,1463586.83,1463586.83,1463586.83
Sun 12 Nov 2023,1,0,1,100%,0,1463586.83,1463586.83,1463586.83,1463586.83
Mon 13 Nov 2023,1,0,1,100%,0,1463586.83,1463586.83,1463586.83,1463586.83
Tue 14 Nov 2023,1,0,1,100%,0,1463586.83,1463586.83,1463586.83,1463586.83
Wed 15 Nov 2023,1,0,1,100%,0,1463586.83,1463586.83,1463586.83,1463586.83
Thu 16 Nov 2023,1,0,1,100%,0,1463586.83,1463586.83,1463586.83,1463586.83
Fri 17 Nov 2023,0,1,0,0%,0,0,0,0,0
Sat 18 Nov 2023,0,1,0,0%,0,0,0,0,0
Sun 19 Nov 2023,0,1,0,0%,0,0,0,0,0
Mon 20 Nov 2023,1,0,2,100%,0,1502266,1502266,1502266,751133
Tue 21 Nov 2023,1,0,2,100%,0,1502266,1502266,1502266,751133
Wed 22 Nov 2023,1,0,2,100%,0,1502266,1502266,1502266,751133
Thu 23 Nov 2023,0,1,0,0%,0,0,0,0,0
Fri 24 Nov 2023,0,1,0,0%,0,0,0,0,0
Sat 25 Nov 2023,0,1,0,0%,0,0,0,0,0
Sun 26 Nov 2023,0,1,0,0%,0,0,0,0,0
Mon 27 Nov 2023,0,1,0,0%,0,0,0,0,0
Tue 28 Nov 2023,0,1,0,0%,0,0,0,0,0
Wed 29 Nov 2023,0,1,0,0%,0,0,0,0,0
Thu 30 Nov 2023,1,0,2,100%,0,1450049.33,1450049.33,1450049.33,725024.67
Fri 1 Dec 2023,1,0,2,100%,0,1450049.33,1450049.33,1450049.33,725024.67
Sat 2 Dec 2023,1,0,2,100%,0,1450049.33,1450049.33,1450049.33,725024.67
Sun 3 Dec 2023,0,1,0,0%,0,0,0,0,0
Mon 4 Dec 2023,0,1,0,0%,0,0,0,0,0
Tue 5 Dec 2023,0,1,0,0%,0,0,0,0,0
Wed 6 Dec 2023,1,0,2,100%,0,1574759.5,1574759.5,1574759.5,787379.75
Thu 7 Dec 2023,1,0,2,100%,0,1574759.5,1574759.5,1574759.5,787379.75
Fri 8 Dec 2023,1,0,2,100%,0,1574759.5,1574759.5,1574759.5,787379.75
Sat 9 Dec 2023,1,0,2,100%,0,1574759.5,1574759.5,1574759.5,787379.75
Sun 10 Dec 2023,0,1,0,0%,0,0,0,0,0
Mon 11 Dec 2023,1,0,1,100%,0,1463607,1463607,1463607,1463607
Tue 12 Dec 2023,1,0,1,100%,0,1463607,1463607,1463607,1463607
Wed 13 Dec 2023,0,1,0,0%,0,0,0,0,0
Thu 14 Dec 2023,0,1,0,0%,0,0,0,0,0
Fri 15 Dec 2023,0,1,0,0%,0,0,0,0,0
Sat 16 Dec 2023,0,1,0,0%,0,0,0,0,0
Sun 17 Dec 2023,0,1,0,0%,0,0,0,0,0
Mon 18 Dec 2023,0,1,0,0%,0,0,0,0,0
Tue 19 Dec 2023,0,1,0,0%,0,0,0,0,0
Wed 20 Dec 2023,0,1,0,0%,0,0,0,0,0
Thu 21 Dec 2023,0,1,0,0%,0,0,0,0,0
Fri 22 Dec 2023,0,1,0,0%,0,0,0,0,0
Sat 23 Dec 2023,0,1,0,0%,0,0,0,0,0
Sun 24 Dec 2023,0,1,0,0%,0,0,0,0,0
Mon 25 Dec 2023,0,1,0,0%,0,0,0,0,0
Tue 26 Dec 2023,0,1,0,0%,0,0,0,0,0
Wed 27 Dec 2023,0,1,0,0%,0,0,0,0,0
Thu 28 Dec 2023,0,1,0,0%,0,0,0,0,0
Fri 29 Dec 2023,1,0,2,100%,0,1914065,1914065,1914065,957032.5
Sat 30 Dec 2023,1,0,2,100%,0,1914065,1914065,1914065,957032.5
Sun 31 Dec 2023,1,0,2,100%,0,1914065,1914065,1914065,957032.5
Mon 1 Jan 2024,1,0,2,100%,0,1914065,1914065,1914065,957032.5
Tue 2 Jan 2024,0,1,0,0%,0,0,0,0,0
Wed 3 Jan 2024,0,1,0,0%,0,0,0,0,0
Thu 4 Jan 2024,0,1,0,0%,0,0,0,0,0
Fri 5 Jan 2024,0,1,0,0%,0,0,0,0,0
Sat 6 Jan 2024,0,1,0,0%,0,0,0,0,0
Sun 7 Jan 2024,1,0,1,100%,0,1463580.5,1463580.5,1463580.5,1463580.5
Mon 8 Jan 2024,1,0,1,100%,0,1463580.5,1463580.5,1463580.5,1463580.5
Tue 9 Jan 2024,0,1,0,0%,0,0,0,0,0
Wed 10 Jan 2024,0,1,0,0%,0,0,0,0,0
Thu 11 Jan 2024,0,1,0,0%,0,0,0,0,0
Fri 12 Jan 2024,0,1,0,0%,0,0,0,0,0
Sat 13 Jan 2024,0,1,0,0%,0,0,0,0,0
Sun 14 Jan 2024,0,1,0,0%,0,0,0,0,0
Mon 15 Jan 2024,1,0,1,100%,0,1463590.16,1463590.16,1463590.16,1463590.16
Tue 16 Jan 2024,1,0,1,100%,0,1463590.16,1463590.16,1463590.16,1463590.16
Wed 17 Jan 2024,1,0,1,100%,0,1463590.16,1463590.16,1463590.16,1463590.16
Thu 18 Jan 2024,1,0,1,100%,0,1463590.16,1463590.16,1463590.16,1463590.16
Fri 19 Jan 2024,1,0,1,100%,0,1463590.16,1463590.16,1463590.16,1463590.16
Sat 20 Jan 2024,1,0,1,100%,0,1463590.16,1463590.16,1463590.16,1463590.16
Sun 21 Jan 2024,1,0,2,100%,0,1889357,1889357,1889357,944678.5
Mon 22 Jan 2024,1,0,2,100%,0,1889357,1889357,1889357,944678.5
Tue 23 Jan 2024,1,0,2,100%,0,1889357,1889357,1889357,944678.5
Wed 24 Jan 2024,1,0,2,100%,0,1889357,1889357,1889357,944678.5
Thu 25 Jan 2024,1,0,2,100%,0,1889357,1889357,1889357,944678.5
Fri 26 Jan 2024,1,0,2,100%,0,1889357,1889357,1889357,944678.5
Sat 27 Jan 2024,0,1,0,0%,0,0,0,0,0
Sun 28 Jan 2024,0,1,0,0%,0,0,0,0,0
Mon 29 Jan 2024,0,1,0,0%,0,0,0,0,0
Tue 30 Jan 2024,0,1,0,0%,0,0,0,0,0
Wed 31 Jan 2024,1,0,2,100%,1819166.4,1819166.4,1819166.4,1819166.4,909583.2
Thu 1 Feb 2024,1,0,2,100%,1819166.4,1819166.4,1819166.4,1819166.4,909583.2
Fri 2 Feb 2024,1,0,2,100%,1819166.4,1819166.4,1819166.4,1819166.4,909583.2
Sat 3 Feb 2024,1,0,2,100%,1819166.4,1819166.4,1819166.4,1819166.4,909583.2
Sun 4 Feb 2024,1,0,2,100%,1819166.4,1819166.4,1819166.4,1819166.4,909583.2
Mon 5 Feb 2024,0,1,0,0%,0,0,0,0,0
Tue 6 Feb 2024,0,1,0,0%,0,0,0,0,0
Wed 7 Feb 2024,0,1,0,0%,0,0,0,0,0
Thu 8 Feb 2024,0,1,0,0%,0,0,0,0,0
Fri 9 Feb 2024,0,1,0,0%,0,0,0,0,0
Sat 10 Feb 2024,0,1,0,0%,0,0,0,0,0
Sun 11 Feb 2024,0,1,0,0%,0,0,0,0,0
Mon 12 Feb 2024,0,1,0,0%,0,0,0,0,0
Tue 13 Feb 2024,1,0,2,100%,0,1479264.46,1479264.46,1479264.46,739632.23
Wed 14 Feb 2024,1,0,2,100%,0,1479264.46,1479264.46,1479264.46,739632.23
Thu 15 Feb 2024,1,0,2,100%,0,1479264.46,1479264.46,1479264.46,739632.23
Fri 16 Feb 2024,1,0,2,100%,0,1479264.46,1479264.46,1479264.46,739632.23
Sat 17 Feb 2024,1,0,2,100%,0,1479264.46,1479264.46,1479264.46,739632.23
Sun 18 Feb 2024,1,0,2,100%,0,1479264.46,1479264.46,1479264.46,739632.23
Mon 19 Feb 2024,1,0,2,100%,0,1479264.46,1479264.46,1479264.46,739632.23
Tue 20 Feb 2024,1,0,2,100%,0,1479264.46,1479264.46,1479264.46,739632.23
Wed 21 Feb 2024,1,0,2,100%,0,1479264.46,1479264.46,1479264.46,739632.23
Thu 22 Feb 2024,1,0,2,100%,0,1479264.46,1479264.46,1479264.46,739632.23
Fri 23 Feb 2024,1,0,2,100%,0,1479264.46,1479264.46,1479264.46,739632.23
Sat 24 Feb 2024,1,0,2,100%,0,1479264.46,1479264.46,1479264.46,739632.23
Sun 25 Feb 2024,1,0,2,100%,0,1479264.46,1479264.46,1479264.46,739632.23
Mon 26 Feb 2024,1,0,2,100%,0,1479264.46,1479264.46,1479264.46,739632.23
Tue 27 Feb 2024,1,0,2,100%,0,1479264.46,1479264.46,1479264.46,739632.23
Wed 28 Feb 2024,1,0,2,100%,0,1479264.46,1479264.46,1479264.46,739632.23
Thu 29 Feb 2024,1,0,2,100%,0,1479264.46,1479264.46,1479264.46,739632.23
Fri 1 Mar 2024,1,0,2,100%,0,1479264.46,1479264.46,1479264.46,739632.23
Sat 2 Mar 2024,1,0,2,100%,0,1479264.46,1479264.46,1479264.46,739632.23
Sun 3 Mar 2024,1,0,2,100%,0,1479264.46,1479264.46,1479264.46,739632.23
Mon 4 Mar 2024,1,0,2,100%,0,1479264.46,1479264.46,1479264.46,739632.23
Tue 5 Mar 2024,1,0,2,100%,0,1479264.46,1479264.46,1479264.46,739632.23
Wed 6 Mar 2024,1,0,2,100%,0,1479264.46,1479264.46,1479264.46,739632.23
Thu 7 Mar 2024,1,0,2,100%,0,1479264.46,1479264.46,1479264.46,739632.23
Fri 8 Mar 2024,1,0,2,100%,0,1479264.46,1479264.46,1479264.46,739632.23
Sat 9 Mar 2024,1,0,2,100%,0,1479264.46,1479264.46,1479264.46,739632.23
Sun 10 Mar 2024,1,0,2,100%,0,1479264.46,1479264.46,1479264.46,739632.23
Mon 11 Mar 2024,1,0,2,100%,0,1479264.46,1479264.46,1479264.46,739632.23
Tue 12 Mar 2024,1,0,2,100%,1500000,1500000,1500000,1500000,750000
Wed 13 Mar 2024,1,0,2,100%,1500000,1500000,1500000,1500000,750000
Thu 14 Mar 2024,0,1,0,0%,0,0,0,0,0
Fri 15 Mar 2024,0,1,0,0%,0,0,0,0,0
Sat 16 Mar 2024,0,1,0,0%,0,0,0,0,0
Sun 17 Mar 2024,0,1,0,0%,0,0,0,0,0
Mon 18 Mar 2024,0,1,0,0%,0,0,0,0,0
Tue 19 Mar 2024,0,1,0,0%,0,0,0,0,0
Wed 20 Mar 2024,1,0,2,100%,0,1578004.14,1578004.14,1578004.14,789002.07
Thu 21 Mar 2024,1,0,2,100%,0,1578004.14,1578004.14,1578004.14,789002.07
Fri 22 Mar 2024,1,0,2,100%,0,1578004.14,1578004.14,1578004.14,789002.07
Sat 23 Mar 2024,1,0,2,100%,0,1578004.14,1578004.14,1578004.14,789002.07
Sun 24 Mar 2024,1,0,2,100%,0,1578004.14,1578004.14,1578004.14,789002.07
Mon 25 Mar 2024,1,0,2,100%,0,1578004.14,1578004.14,1578004.14,789002.07
Tue 26 Mar 2024,1,0,2,100%,0,1578004.14,1578004.14,1578004.14,789002.07
Wed 27 Mar 2024,1,0,2,100%,2200000,2200000,2200000,2200000,1100000
Thu 28 Mar 2024,1,0,2,100%,2200000,2200000,2200000,2200000,1100000
Fri 29 Mar 2024,1,0,2,100%,2200000,2200000,2200000,2200000,1100000
Sat 30 Mar 2024,1,0,2,100%,2200000,2200000,2200000,2200000,1100000
Sun 31 Mar 2024,1,0,2,100%,2200000,2200000,2200000,2200000,1100000
Mon 1 Apr 2024,1,0,2,100%,2200000,2200000,2200000,2200000,1100000
Tue 2 Apr 2024,0,1,0,0%,0,0,0,0,0
Wed 3 Apr 2024,0,1,0,0%,0,0,0,0,0
Thu 4 Apr 2024,0,1,0,0%,0,0,0,0,0
Fri 5 Apr 2024,0,1,0,0%,0,0,0,0,0
Sat 6 Apr 2024,0,1,0,0%,0,0,0,0,0
Sun 7 Apr 2024,0,1,0,0%,0,0,0,0,0
Mon 8 Apr 2024,1,0,2,100%,0,1722028.63,1722028.63,1722028.63,861014.31
Tue 9 Apr 2024,1,0,2,100%,0,1722028.63,1722028.63,1722028.63,861014.31
Wed 10 Apr 2024,1,0,2,100%,0,1722028.63,1722028.63,1722028.63,861014.31
Thu 11 Apr 2024,1,0,2,100%,0,1722028.63,1722028.63,1722028.63,861014.31
Fri 12 Apr 2024,1,0,2,100%,0,1722028.63,1722028.63,1722028.63,861014.31
Sat 13 Apr 2024,1,0,2,100%,0,1722028.63,1722028.63,1722028.63,861014.31
Sun 14 Apr 2024,1,0,2,100%,0,1722028.63,1722028.63,1722028.63,861014.31
Mon 15 Apr 2024,1,0,2,100%,0,1722028.63,1722028.63,1722028.63,861014.31
Tue 16 Apr 2024,1,0,2,100%,0,1722028.63,1722028.63,1722028.63,861014.31
Wed 17 Apr 2024,1,0,2,100%,0,1722028.63,1722028.63,1722028.63,861014.31
Thu 18 Apr 2024,1,0,2,100%,0,1722028.63,1722028.63,1722028.63,861014.31
Fri 19 Apr 2024,1,0,2,100%,0,1722028.63,1722028.63,1722028.63,861014.31
Sat 20 Apr 2024,1,0,2,100%,0,1722028.63,1722028.63,1722028.63,861014.31
Sun 21 Apr 2024,1,0,2,100%,0,1722028.63,1722028.63,1722028.63,861014.31
Mon 22 Apr 2024,1,0,2,100%,0,1722028.63,1722028.63,1722028.63,861014.31
Tue 23 Apr 2024,1,0,2,100%,0,1722028.63,1722028.63,1722028.63,861014.31
Wed 24 Apr 2024,0,1,0,0%,0,0,0,0,0
Thu 25 Apr 2024,0,1,0,0%,0,0,0,0,0
Fri 26 Apr 2024,0,1,0,0%,0,0,0,0,0
Sat 27 Apr 2024,0,1,0,0%,0,0,0,0,0
Sun 28 Apr 2024,0,1,0,0%,0,0,0,0,0
Mon 29 Apr 2024,1,0,2,100%,0,1578000.5,1578000.5,1578000.5,789000.25
Tue 30 Apr 2024,1,0,2,100%,0,1578000.5,1578000.5,1578000.5,789000.25
Wed 1 May 2024,1,0,1,100%,0,1617447.57,1617447.57,1617447.57,1617447.57
Thu 2 May 2024,1,0,1,100%,0,1617447.57,1617447.57,1617447.57,1617447.57
Fri 3 May 2024,1,0,1,100%,0,1617447.57,1617447.57,1617447.57,1617447.57
Sat 4 May 2024,1,0,1,100%,0,1617447.57,1617447.57,1617447.57,1617447.57
Sun 5 May 2024,1,0,1,100%,0,1617447.57,1617447.57,1617447.57,1617447.57
Mon 6 May 2024,1,0,1,100%,0,1617447.57,1617447.57,1617447.57,1617447.57
Tue 7 May 2024,1,0,1,100%,0,1617447.57,1617447.57,1617447.57,1617447.57
Wed 8 May 2024,1,0,1,100%,0,1617447.57,1617447.57,1617447.57,1617447.57
Thu 9 May 2024,1,0,1,100%,0,1617447.57,1617447.57,1617447.57,1617447.57
Fri 10 May 2024,1,0,1,100%,0,1617447.57,1617447.57,1617447.57,1617447.57
Sat 11 May 2024,1,0,1,100%,0,1617447.57,1617447.57,1617447.57,1617447.57
Sun 12 May 2024,1,0,1,100%,0,1617447.57,1617447.57,1617447.57,1617447.57
Mon 13 May 2024,1,0,1,100%,0,1617447.57,1617447.57,1617447.57,1617447.57
Tue 14 May 2024,1,0,1,100%,0,1617447.57,1617447.57,1617447.57,1617447.57
Wed 15 May 2024,0,1,0,0%,0,0,0,0,0
Thu 16 May 2024,0,1,0,0%,0,0,0,0,0
Fri 17 May 2024,0,1,0,0%,0,0,0,0,0
Sat 18 May 2024,0,1,0,0%,0,0,0,0,0
Sun 19 May 2024,0,1,0,0%,0,0,0,0,0
Mon 20 May 2024,0,1,0,0%,0,0,0,0,0
Tue 21 May 2024,0,1,0,0%,0,0,0,0,0
Wed 22 May 2024,0,1,0,0%,0,0,0,0,0
Thu 23 May 2024,0,1,0,0%,0,0,0,0,0
Fri 24 May 2024,0,1,0,0%,0,0,0,0,0
Sat 25 May 2024,1,0,2,100%,0,1955067,1955067,1955067,977533.5
Sun 26 May 2024,1,0,2,100%,0,1955067,1955067,1955067,977533.5
Mon 27 May 2024,1,0,2,100%,0,1955067,1955067,1955067,977533.5
Tue 28 May 2024,1,0,2,100%,0,1955067,1955067,1955067,977533.5
Wed 29 May 2024,1,0,2,100%,0,1955067,1955067,1955067,977533.5
Thu 30 May 2024,0,1,0,0%,0,0,0,0,0
Fri 31 May 2024,1,0,2,100%,0,2191637,2191637,2191637,1095818.5
Sat 1 Jun 2024,1,0,2,100%,0,2191637,2191637,2191637,1095818.5
Sun 2 Jun 2024,1,0,2,100%,1000000,1000000,1000000,1000000,500000
Mon 3 Jun 2024,1,0,2,100%,0,1797161.09,1797161.09,1797161.09,898580.55
Tue 4 Jun 2024,1,0,2,100%,0,1797161.09,1797161.09,1797161.09,898580.55
Wed 5 Jun 2024,1,0,2,100%,0,1797161.09,1797161.09,1797161.09,898580.55
Thu 6 Jun 2024,1,0,2,100%,0,1797161.09,1797161.09,1797161.09,898580.55
Fri 7 Jun 2024,1,0,2,100%,0,1797161.09,1797161.09,1797161.09,898580.55
Sat 8 Jun 2024,1,0,2,100%,0,1797161.09,1797161.09,1797161.09,898580.55
Sun 9 Jun 2024,1,0,2,100%,0,1797161.09,1797161.09,1797161.09,898580.55
Mon 10 Jun 2024,1,0,2,100%,0,1797161.09,1797161.09,1797161.09,898580.55
Tue 11 Jun 2024,1,0,2,100%,0,1797161.09,1797161.09,1797161.09,898580.55
Wed 12 Jun 2024,1,0,2,100%,0,1797161.09,1797161.09,1797161.09,898580.55
Thu 13 Jun 2024,1,0,2,100%,0,1797161.09,1797161.09,1797161.09,898580.55
Fri 14 Jun 2024,0,1,0,0%,0,0,0,0,0
Sat 15 Jun 2024,1,0,2,100%,0,1525975,1525975,1525975,762987.5
Sun 16 Jun 2024,1,0,2,100%,0,1525975,1525975,1525975,762987.5
Mon 17 Jun 2024,1,0,2,100%,1600034,1600034,1600034,1600034,800017
Tue 18 Jun 2024,0,1,0,0%,0,0,0,0,0
Wed 19 Jun 2024,0,1,0,0%,0,0,0,0,0
Thu 20 Jun 2024,1,0,2,100%,1440018,1440018,1440018,1440018,720009
Fri 21 Jun 2024,0,1,0,0%,0,0,0,0,0
Sat 22 Jun 2024,1,0,2,100%,0,1419128.33,1419128.33,1419128.33,709564.17
Sun 23 Jun 2024,1,0,2,100%,0,1419128.33,1419128.33,1419128.33,709564.17
Mon 24 Jun 2024,1,0,2,100%,0,1419128.33,1419128.33,1419128.33,709564.17
Tue 25 Jun 2024,1,0,2,100%,1600000,1600000,1600000,1600000,800000
Wed 26 Jun 2024,1,0,2,100%,1600000,1600000,1600000,1600000,800000
Thu 27 Jun 2024,0,1,0,0%,0,0,0,0,0
Fri 28 Jun 2024,1,0,2,100%,0,1542000,1542000,1542000,771000
Sat 29 Jun 2024,1,0,2,100%,0,1542000,1542000,1542000,771000
Sun 30 Jun 2024,1,0,2,100%,0,1542000,1542000,1542000,771000
Mon 1 Jul 2024,1,0,2,100%,0,1542000,1542000,1542000,771000
Tue 2 Jul 2024,1,0,2,100%,0,1542000,1542000,1542000,771000
Wed 3 Jul 2024,1,0,2,100%,0,1542000,1542000,1542000,771000
Thu 4 Jul 2024,1,0,2,100%,0,1619120,1619120,1619120,809560
Fri 5 Jul 2024,1,0,2,100%,0,1619120,1619120,1619120,809560
Sat 6 Jul 2024,0,1,0,0%,0,0,0,0,0
Sun 7 Jul 2024,0,1,0,0%,0,0,0,0,0
Mon 8 Jul 2024,2,-1,3,200%,0,2168991.24,1084495.62,2168991.24,722997.08
Tue 9 Jul 2024,2,-1,3,200%,0,2168991.24,1084495.62,2168991.24,722997.08
Wed 10 Jul 2024,2,-1,3,200%,0,2168991.24,1084495.62,2168991.24,722997.08
Thu 11 Jul 2024,2,-1,3,200%,0,2168991.24,1084495.62,2168991.24,722997.08
Fri 12 Jul 2024,2,-1,3,200%,0,2168991.24,1084495.62,2168991.24,722997.08
Sat 13 Jul 2024,2,-1,3,200%,0,2168991.24,1084495.62,2168991.24,722997.08
Sun 14 Jul 2024,2,-1,3,200%,0,2168991.24,1084495.62,2168991.24,722997.08
Mon 15 Jul 2024,2,-1,3,200%,0,2168991.24,1084495.62,2168991.24,722997.08
Tue 16 Jul 2024,2,-1,3,200%,0,2168991.24,1084495.62,2168991.24,722997.08
Wed 17 Jul 2024,2,-1,3,200%,0,2168991.24,1084495.62,2168991.24,722997.08
Thu 18 Jul 2024,2,-1,3,200%,0,2168991.24,1084495.62,2168991.24,722997.08
Fri 19 Jul 2024,2,-1,3,200%,0,2168991.24,1084495.62,2168991.24,722997.08
Sat 20 Jul 2024,2,-1,3,200%,0,2168991.24,1084495.62,2168991.24,722997.08
Sun 21 Jul 2024,2,-1,3,200%,0,2168991.24,1084495.62,2168991.24,722997.08
Mon 22 Jul 2024,2,-1,3,200%,0,2168991.24,1084495.62,2168991.24,722997.08
Tue 23 Jul 2024,2,-1,3,200%,0,2168991.24,1084495.62,2168991.24,722997.08
Wed 24 Jul 2024,2,-1,3,200%,0,2168991.24,1084495.62,2168991.24,722997.08
Thu 25 Jul 2024,2,-1,3,200%,0,2168991.24,1084495.62,2168991.24,722997.08
Fri 26 Jul 2024,2,-1,3,200%,0,2168991.24,1084495.62,2168991.24,722997.08
Sat 27 Jul 2024,2,-1,3,200%,0,2168991.24,1084495.62,2168991.24,722997.08
Sun 28 Jul 2024,2,-1,3,200%,0,2168991.24,1084495.62,2168991.24,722997.08
Mon 29 Jul 2024,1,0,2,100%,1710000,1710000,1710000,1710000,855000
Tue 30 Jul 2024,0,1,0,0%,0,0,0,0,0
Wed 31 Jul 2024,0,1,0,0%,0,0,0,0,0
Thu 1 Aug 2024,0,1,0,0%,0,0,0,0,0
Fri 2 Aug 2024,1,0,2,100%,0,2790000,2790000,2790000,1395000
Sat 3 Aug 2024,1,0,2,100%,0,2790000,2790000,2790000,1395000
Sun 4 Aug 2024,1,0,2,100%,1750500,1750500,1750500,1750500,875250
Mon 5 Aug 2024,1,0,2,100%,1750500,1750500,1750500,1750500,875250
Tue 6 Aug 2024,1,0,2,100%,0,1639984.55,1639984.55,1639984.55,819992.27
Wed 7 Aug 2024,1,0,2,100%,0,1639984.55,1639984.55,1639984.55,819992.27
Thu 8 Aug 2024,1,0,2,100%,0,1639984.55,1639984.55,1639984.55,819992.27
Fri 9 Aug 2024,1,0,2,100%,0,1639984.55,1639984.55,1639984.55,819992.27
Sat 10 Aug 2024,1,0,2,100%,0,1639984.55,1639984.55,1639984.55,819992.27
Sun 11 Aug 2024,1,0,2,100%,0,1639984.55,1639984.55,1639984.55,819992.27
Mon 12 Aug 2024,1,0,2,100%,0,1639984.55,1639984.55,1639984.55,819992.27
Tue 13 Aug 2024,1,0,2,100%,0,1639984.55,1639984.55,1639984.55,819992.27
Wed 14 Aug 2024,1,0,2,100%,0,1639984.55,1639984.55,1639984.55,819992.27
Thu 15 Aug 2024,1,0,2,100%,0,1639984.55,1639984.55,1639984.55,819992.27
Fri 16 Aug 2024,1,0,2,100%,0,1639984.55,1639984.55,1639984.55,819992.27
Sat 17 Aug 2024,0,1,0,0%,0,0,0,0,0
Sun 18 Aug 2024,0,1,0,0%,0,0,0,0,0
Mon 19 Aug 2024,0,1,0,0%,0,0,0,0,0
Tue 20 Aug 2024,0,1,0,0%,0,0,0,0,0
Wed 21 Aug 2024,1,0,2,100%,2123333,2123333,2123333,2123333,1061666.5
Thu 22 Aug 2024,0,1,0,0%,0,0,0,0,0
Fri 23 Aug 2024,0,1,0,0%,0,0,0,0,0
Sat 24 Aug 2024,0,1,0,0%,0,0,0,0,0
Sun 25 Aug 2024,0,1,0,0%,0,0,0,0,0
Mon 26 Aug 2024,0,1,0,0%,0,0,0,0,0
Tue 27 Aug 2024,1,0,2,100%,2023913.13,2023913.13,2023913.13,2023913.13,1011956.57
Wed 28 Aug 2024,1,0,2,100%,2023913.13,2023913.13,2023913.13,2023913.13,1011956.57
Thu 29 Aug 2024,1,0,2,100%,2023913.13,2023913.13,2023913.13,2023913.13,1011956.57
Fri 30 Aug 2024,1,0,2,100%,2023913.13,2023913.13,2023913.13,2023913.13,1011956.57
Sat 31 Aug 2024,1,0,2,100%,2023913.13,2023913.13,2023913.13,2023913.13,1011956.57
Sun 1 Sep 2024,1,0,2,100%,2023913.13,2023913.13,2023913.13,2023913.13,1011956.57
Mon 2 Sep 2024,1,0,2,100%,2023913.13,2023913.13,2023913.13,2023913.13,1011956.57
Tue 3 Sep 2024,1,0,2,100%,2023913.13,2023913.13,2023913.13,2023913.13,1011956.57
Wed 4 Sep 2024,1,0,2,100%,2023913.13,2023913.13,2023913.13,2023913.13,1011956.57
Thu 5 Sep 2024,1,0,2,100%,2023913.13,2023913.13,2023913.13,2023913.13,1011956.57
Fri 6 Sep 2024,1,0,2,100%,2023913.13,2023913.13,2023913.13,2023913.13,1011956.57
Sat 7 Sep 2024,1,0,2,100%,2023913.13,2023913.13,2023913.13,2023913.13,1011956.57
Sun 8 Sep 2024,1,0,2,100%,2023913.13,2023913.13,2023913.13,2023913.13,1011956.57
Mon 9 Sep 2024,1,0,2,100%,2023913.13,2023913.13,2023913.13,2023913.13,1011956.57
Tue 10 Sep 2024,1,0,2,100%,2023913.13,2023913.13,2023913.13,2023913.13,1011956.57
Wed 11 Sep 2024,1,0,2,100%,2023913.13,2023913.13,2023913.13,2023913.13,1011956.57
Thu 12 Sep 2024,1,0,2,100%,2023913.13,2023913.13,2023913.13,2023913.13,1011956.57
Fri 13 Sep 2024,1,0,2,100%,2023913.13,2023913.13,2023913.13,2023913.13,1011956.57
Sat 14 Sep 2024,1,0,2,100%,2023913.13,2023913.13,2023913.13,2023913.13,1011956.57
Sun 15 Sep 2024,1,0,2,100%,2023913.13,2023913.13,2023913.13,2023913.13,1011956.57
Mon 16 Sep 2024,1,0,2,100%,2023913.13,2023913.13,2023913.13,2023913.13,1011956.57
Tue 17 Sep 2024,1,0,2,100%,2023913.13,2023913.13,2023913.13,2023913.13,1011956.57
Wed 18 Sep 2024,1,0,2,100%,2023913.13,2023913.13,2023913.13,2023913.13,1011956.57
Thu 19 Sep 2024,1,0,2,100%,0,0,0,0,0
Fri 20 Sep 2024,0,1,0,0%,0,0,0,0,0
Sat 21 Sep 2024,0,1,0,0%,0,0,0,0,0
Sun 22 Sep 2024,0,1,0,0%,0,0,0,0,0
Mon 23 Sep 2024,0,1,0,0%,0,0,0,0,0
Tue 24 Sep 2024,0,1,0,0%,0,0,0,0,0
Wed 25 Sep 2024,1,0,2,100%,1960000,1960000,1960000,1960000,980000
Thu 26 Sep 2024,1,0,2,100%,1960000,1960000,1960000,1960000,980000
Fri 27 Sep 2024,1,0,2,100%,1960000,1960000,1960000,1960000,980000
Sat 28 Sep 2024,1,0,2,100%,0,1747198.2,1747198.2,1747198.2,873599.1
Sun 29 Sep 2024,1,0,2,100%,0,1747198.2,1747198.2,1747198.2,873599.1
Mon 30 Sep 2024,1,0,2,100%,0,1747198.2,1747198.2,1747198.2,873599.1
Tue 1 Oct 2024,1,0,2,100%,0,1747198.2,1747198.2,1747198.2,873599.1
Wed 2 Oct 2024,1,0,2,100%,0,1747198.2,1747198.2,1747198.2,873599.1
Thu 3 Oct 2024,0,1,0,0%,0,0,0,0,0
Fri 4 Oct 2024,1,0,2,100%,0,1799193,1799193,1799193,899596.5
Sat 5 Oct 2024,1,0,2,100%,0,1799193,1799193,1799193,899596.5
Sun 6 Oct 2024,1,0,2,100%,0,1799193,1799193,1799193,899596.5
Mon 7 Oct 2024,0,1,0,0%,0,0,0,0,0
Tue 8 Oct 2024,0,1,0,0%,0,0,0,0,0
Wed 9 Oct 2024,0,1,0,0%,0,0,0,0,0
Thu 10 Oct 2024,0,1,0,0%,0,0,0,0,0
Fri 11 Oct 2024,0,1,0,0%,0,0,0,0,0
Sat 12 Oct 2024,0,1,0,0%,0,0,0,0,0
Sun 13 Oct 2024,0,1,0,0%,0,0,0,0,0
Mon 14 Oct 2024,0,1,0,0%,0,0,0,0,0
Tue 15 Oct 2024,1,0,2,100%,1453500,1453500,1453500,1453500,726750
Wed 16 Oct 2024,0,1,0,0%,0,0,0,0,0
Thu 17 Oct 2024,0,1,0,0%,0,0,0,0,0
Fri 18 Oct 2024,0,1,0,0%,0,0,0,0,0
Sat 19 Oct 2024,1,0,2,100%,0,1691878,1691878,1691878,845939
Sun 20 Oct 2024,1,0,2,100%,0,1691878,1691878,1691878,845939
Mon 21 Oct 2024,0,1,0,0%,0,0,0,0,0
Tue 22 Oct 2024,0,1,0,0%,0,0,0,0,0
Wed 23 Oct 2024,0,1,0,0%,0,0,0,0,0
Thu 24 Oct 2024,2,-1,2,200%,0,1515791.2,757895.6,1515791.2,757895.6
Fri 25 Oct 2024,2,-1,2,200%,0,1515791.2,757895.6,1515791.2,757895.6
Sat 26 Oct 2024,2,-1,2,200%,0,1515791.2,757895.6,1515791.2,757895.6
Sun 27 Oct 2024,2,-1,2,200%,0,1515791.2,757895.6,1515791.2,757895.6
Mon 28 Oct 2024,2,-1,2,200%,0,1515791.2,757895.6,1515791.2,757895.6
Tue 29 Oct 2024,2,-1,2,200%,0,1515791.2,757895.6,1515791.2,757895.6
Wed 30 Oct 2024,2,-1,2,200%,0,1515791.2,757895.6,1515791.2,757895.6
Thu 31 Oct 2024,2,-1,2,200%,0,1515791.2,757895.6,1515791.2,757895.6
Fri 1 Nov 2024,2,-1,2,200%,0,1515791.2,757895.6,1515791.2,757895.6
Sat 2 Nov 2024,2,-1,2,200%,0,1515791.2,757895.6,1515791.2,757895.6
Sun 3 Nov 2024,0,1,0,0%,0,0,0,0,0
Mon 4 Nov 2024,0,1,0,0%,0,0,0,0,0
Tue 5 Nov 2024,0,1,0,0%,0,0,0,0,0
Wed 6 Nov 2024,0,1,0,0%,0,0,0,0,0
Thu 7 Nov 2024,1,0,1,100%,0,931679.43,931679.43,931679.43,931679.43
Fri 8 Nov 2024,1,0,1,100%,0,931679.43,931679.43,931679.43,931679.43
Sat 9 Nov 2024,1,0,1,100%,0,931679.43,931679.43,931679.43,931679.43
Sun 10 Nov 2024,1,0,1,100%,0,931679.43,931679.43,931679.43,931679.43
Mon 11 Nov 2024,1,0,1,100%,0,931679.43,931679.43,931679.43,931679.43
Tue 12 Nov 2024,1,0,1,100%,0,931679.43,931679.43,931679.43,931679.43
Wed 13 Nov 2024,1,0,1,100%,0,931679.43,931679.43,931679.43,931679.43
Thu 14 Nov 2024,1,0,1,100%,0,931679.43,931679.43,931679.43,931679.43
Fri 15 Nov 2024,1,0,1,100%,0,931679.43,931679.43,931679.43,931679.43
Sat 16 Nov 2024,1,0,1,100%,0,931679.43,931679.43,931679.43,931679.43
Sun 17 Nov 2024,1,0,1,100%,0,931679.43,931679.43,931679.43,931679.43
Mon 18 Nov 2024,1,0,1,100%,0,931679.43,931679.43,931679.43,931679.43
Tue 19 Nov 2024,1,0,1,100%,0,931679.43,931679.43,931679.43,931679.43
Wed 20 Nov 2024,1,0,1,100%,0,931679.43,931679.43,931679.43,931679.43
Thu 21 Nov 2024,1,0,1,100%,0,931679.43,931679.43,931679.43,931679.43
Fri 22 Nov 2024,1,0,1,100%,0,931679.43,931679.43,931679.43,931679.43
Sat 23 Nov 2024,1,0,1,100%,0,931679.43,931679.43,931679.43,931679.43
Sun 24 Nov 2024,1,0,1,100%,0,931679.43,931679.43,931679.43,931679.43
Mon 25 Nov 2024,1,0,1,100%,0,931679.43,931679.43,931679.43,931679.43
Tue 26 Nov 2024,1,0,1,100%,0,931679.43,931679.43,931679.43,931679.43
Wed 27 Nov 2024,1,0,1,100%,0,931679.43,931679.43,931679.43,931679.43
Thu 28 Nov 2024,1,0,1,100%,0,931679.43,931679.43,931679.43,931679.43
Fri 29 Nov 2024,1,0,1,100%,0,931679.43,931679.43,931679.43,931679.43
Sat 30 Nov 2024,1,0,1,100%,0,931679.43,931679.43,931679.43,931679.43
Sun 1 Dec 2024,1,0,1,100%,0,931679.43,931679.43,931679.43,931679.43
Mon 2 Dec 2024,1,0,1,100%,0,931679.43,931679.43,931679.43,931679.43
Tue 3 Dec 2024,1,0,1,100%,0,931679.43,931679.43,931679.43,931679.43
Wed 4 Dec 2024,1,0,1,100%,0,931679.43,931679.43,931679.43,931679.43
Thu 5 Dec 2024,0,1,0,0%,0,0,0,0,0
Fri 6 Dec 2024,1,0,2,100%,1399177.25,989218.38,989218.38,989218.38,494609.19
Sat 7 Dec 2024,1,0,2,100%,1399177.25,989218.38,989218.38,989218.38,494609.19
Sun 8 Dec 2024,1,0,2,100%,1399177.25,989218.38,989218.38,989218.38,494609.19
Mon 9 Dec 2024,1,0,2,100%,1399177.25,989218.38,989218.38,989218.38,494609.19
Tue 10 Dec 2024,1,0,2,100%,1399177.25,989218.38,989218.38,989218.38,494609.19
Wed 11 Dec 2024,1,0,2,100%,1399177.25,989218.38,989218.38,989218.38,494609.19
Thu 12 Dec 2024,1,0,2,100%,1399177.25,989218.38,989218.38,989218.38,494609.19
Fri 13 Dec 2024,1,0,2,100%,1399177.25,989218.38,989218.38,989218.38,494609.19
Sat 14 Dec 2024,0,1,0,0%,0,0,0,0,0
Sun 15 Dec 2024,1,0,2,100%,1666667.67,1666667.67,1666667.67,1666667.67,833333.83
Mon 16 Dec 2024,1,0,2,100%,1666667.67,1666667.67,1666667.67,1666667.67,833333.83
Tue 17 Dec 2024,1,0,2,100%,1666667.67,1666667.67,1666667.67,1666667.67,833333.83
Wed 18 Dec 2024,1,0,2,100%,1666667.67,1666667.67,1666667.67,1666667.67,833333.83
Thu 19 Dec 2024,1,0,2,100%,1666667.67,1666667.67,1666667.67,1666667.67,833333.83
Fri 20 Dec 2024,1,0,2,100%,1666667.67,1666667.67,1666667.67,1666667.67,833333.83
Sat 21 Dec 2024,0,1,0,0%,0,0,0,0,0
Sun 22 Dec 2024,0,1,0,0%,0,0,0,0,0
Mon 23 Dec 2024,0,1,0,0%,0,0,0,0,0
Tue 24 Dec 2024,1,0,1,100%,0,2500000,2500000,2500000,2500000
Wed 25 Dec 2024,1,0,1,100%,0,2500000,2500000,2500000,2500000
Thu 26 Dec 2024,0,1,0,0%,0,0,0,0,0
Fri 27 Dec 2024,0,1,0,0%,0,0,0,0,0
Sat 28 Dec 2024,0,1,0,0%,0,0,0,0,0
Sun 29 Dec 2024,1,0,2,100%,0,2117596.6,2117596.6,2117596.6,1058798.3
Mon 30 Dec 2024,1,0,2,100%,0,2117596.6,2117596.6,2117596.6,1058798.3
Tue 31 Dec 2024,1,0,2,100%,0,2117596.6,2117596.6,2117596.6,1058798.3
Wed 1 Jan 2025,1,0,2,100%,0,2117596.6,2117596.6,2117596.6,1058798.3
Thu 2 Jan 2025,1,0,2,100%,0,2117596.6,2117596.6,2117596.6,1058798.3
Fri 3 Jan 2025,1,0,2,100%,0,2400000,2400000,2400000,1200000
Sat 4 Jan 2025,1,0,2,100%,2500000,1917250,1917250,1917250,958625
Sun 5 Jan 2025,0,1,0,0%,0,0,0,0,0
Mon 6 Jan 2025,0,1,0,0%,0,0,0,0,0
Tue 7 Jan 2025,0,1,0,0%,0,0,0,0,0
Wed 8 Jan 2025,0,1,0,0%,0,0,0,0,0
Thu 9 Jan 2025,1,0,2,100%,2100000,1696737,1696737,1696737,848368.5
Fri 10 Jan 2025,1,0,2,100%,2100000,1696737,1696737,1696737,848368.5
Sat 11 Jan 2025,1,0,2,100%,0,1543569,1543569,1543569,771784.5
Sun 12 Jan 2025,1,0,2,100%,0,1543569,1543569,1543569,771784.5
Mon 13 Jan 2025,0,1,0,0%,0,0,0,0,0
Tue 14 Jan 2025,0,1,0,0%,0,0,0,0,0
Wed 15 Jan 2025,0,1,0,0%,0,0,0,0,0
Thu 16 Jan 2025,0,1,0,0%,0,0,0,0,0
Fri 17 Jan 2025,0,1,0,0%,0,0,0,0,0
Sat 18 Jan 2025,1,0,1,100%,0,1327043,1327043,1327043,1327043
Sun 19 Jan 2025,1,0,1,100%,0,1327043,1327043,1327043,1327043
Mon 20 Jan 2025,1,0,1,100%,0,1327043,1327043,1327043,1327043
Tue 21 Jan 2025,1,0,1,100%,0,1327043,1327043,1327043,1327043
Wed 22 Jan 2025,1,0,1,100%,0,1327043,1327043,1327043,1327043
Thu 23 Jan 2025,1,0,1,100%,0,1327043,1327043,1327043,1327043
Fri 24 Jan 2025,1,0,1,100%,0,1327043,1327043,1327043,1327043
Sat 25 Jan 2025,1,0,1,100%,0,1327043,1327043,1327043,1327043
Sun 26 Jan 2025,1,0,1,100%,0,1327043,1327043,1327043,1327043
Mon 27 Jan 2025,1,0,1,100%,0,1327043,1327043,1327043,1327043
Tue 28 Jan 2025,1,0,1,100%,0,1327043,1327043,1327043,1327043
Wed 29 Jan 2025,1,0,1,100%,0,1327043,1327043,1327043,1327043
Thu 30 Jan 2025,1,0,1,100%,0,1327043,1327043,1327043,1327043
Fri 31 Jan 2025,1,0,2,100%,0,1329280.34,1329280.34,1329280.34,664640.17
Sat 1 Feb 2025,1,0,2,100%,0,1329280.34,1329280.34,1329280.34,664640.17
Sun 2 Feb 2025,1,0,2,100%,0,1329280.34,1329280.34,1329280.34,664640.17
Mon 3 Feb 2025,1,0,2,100%,0,1329280.34,1329280.34,1329280.34,664640.17
Tue 4 Feb 2025,1,0,2,100%,0,1329280.34,1329280.34,1329280.34,664640.17
Wed 5 Feb 2025,1,0,2,100%,0,1329280.34,1329280.34,1329280.34,664640.17
Thu 6 Feb 2025,1,0,2,100%,0,1329280.34,1329280.34,1329280.34,664640.17
Fri 7 Feb 2025,1,0,2,100%,0,1329280.34,1329280.34,1329280.34,664640.17
Sat 8 Feb 2025,1,0,2,100%,0,1329280.34,1329280.34,1329280.34,664640.17
Sun 9 Feb 2025,1,0,2,100%,0,1329280.34,1329280.34,1329280.34,664640.17
Mon 10 Feb 2025,1,0,2,100%,0,1329280.34,1329280.34,1329280.34,664640.17
Tue 11 Feb 2025,1,0,2,100%,0,1329280.34,1329280.34,1329280.34,664640.17
Wed 12 Feb 2025,1,0,2,100%,0,1329280.34,1329280.34,1329280.34,664640.17
Thu 13 Feb 2025,1,0,2,100%,0,1329280.34,1329280.34,1329280.34,664640.17
Fri 14 Feb 2025,1,0,2,100%,0,1329280.34,1329280.34,1329280.34,664640.17
Sat 15 Feb 2025,1,0,2,100%,0,1329280.34,1329280.34,1329280.34,664640.17
Sun 16 Feb 2025,1,0,2,100%,0,1329280.34,1329280.34,1329280.34,664640.17
Mon 17 Feb 2025,1,0,2,100%,0,1329280.34,1329280.34,1329280.34,664640.17
Tue 18 Feb 2025,1,0,2,100%,0,1329280.34,1329280.34,1329280.34,664640.17
Wed 19 Feb 2025,1,0,2,100%,0,1329280.34,1329280.34,1329280.34,664640.17
Thu 20 Feb 2025,1,0,2,100%,0,1329280.34,1329280.34,1329280.34,664640.17
Fri 21 Feb 2025,1,0,2,100%,0,1329280.34,1329280.34,1329280.34,664640.17
Sat 22 Feb 2025,1,0,2,100%,0,1329280.34,1329280.34,1329280.34,664640.17
Sun 23 Feb 2025,1,0,2,100%,0,1329280.34,1329280.34,1329280.34,664640.17
Mon 24 Feb 2025,1,0,2,100%,0,1329280.34,1329280.34,1329280.34,664640.17
Tue 25 Feb 2025,1,0,2,100%,0,1329280.34,1329280.34,1329280.34,664640.17
Wed 26 Feb 2025,1,0,2,100%,0,1329280.34,1329280.34,1329280.34,664640.17
Thu 27 Feb 2025,1,0,2,100%,0,1329280.34,1329280.34,1329280.34,664640.17
Fri 28 Feb 2025,1,0,2,100%,0,1329280.34,1329280.34,1329280.34,664640.17
Sat 1 Mar 2025,0,1,0,0%,0,0,0,0,0
Sun 2 Mar 2025,0,1,0,0%,0,0,0,0,0
Mon 3 Mar 2025,0,1,0,0%,0,0,0,0,0
Tue 4 Mar 2025,1,0,2,100%,0,1222807.1,1222807.1,1222807.1,611403.55
Wed 5 Mar 2025,1,0,2,100%,0,1222807.1,1222807.1,1222807.1,611403.55
Thu 6 Mar 2025,1,0,2,100%,0,1222807.1,1222807.1,1222807.1,611403.55
Fri 7 Mar 2025,1,0,2,100%,0,1222807.1,1222807.1,1222807.1,611403.55
Sat 8 Mar 2025,1,0,2,100%,0,1222807.1,1222807.1,1222807.1,611403.55
Sun 9 Mar 2025,1,0,2,100%,0,1222807.1,1222807.1,1222807.1,611403.55
Mon 10 Mar 2025,1,0,2,100%,0,1222807.1,1222807.1,1222807.1,611403.55
Tue 11 Mar 2025,1,0,2,100%,0,1222807.1,1222807.1,1222807.1,611403.55
Wed 12 Mar 2025,1,0,2,100%,0,1222807.1,1222807.1,1222807.1,611403.55
Thu 13 Mar 2025,1,0,2,100%,0,1222807.1,1222807.1,1222807.1,611403.55
Fri 14 Mar 2025,0,1,0,0%,0,0,0,0,0
Sat 15 Mar 2025,1,0,2,100%,0,1139602.83,1139602.83,1139602.83,569801.42
Sun 16 Mar 2025,1,0,2,100%,0,1139602.83,1139602.83,1139602.83,569801.42
Mon 17 Mar 2025,1,0,2,100%,0,1139602.83,1139602.83,1139602.83,569801.42
Tue 18 Mar 2025,1,0,2,100%,0,1139602.83,1139602.83,1139602.83,569801.42
Wed 19 Mar 2025,1,0,2,100%,0,1139602.83,1139602.83,1139602.83,569801.42
Thu 20 Mar 2025,1,0,2,100%,0,1139602.83,1139602.83,1139602.83,569801.42
Fri 21 Mar 2025,1,0,2,100%,0,1139602.83,1139602.83,1139602.83,569801.42
Sat 22 Mar 2025,1,0,2,100%,0,1139602.83,1139602.83,1139602.83,569801.42
Sun 23 Mar 2025,1,0,2,100%,0,1139602.83,1139602.83,1139602.83,569801.42
Mon 24 Mar 2025,1,0,2,100%,0,1139602.83,1139602.83,1139602.83,569801.42
Tue 25 Mar 2025,1,0,2,100%,0,1139602.83,1139602.83,1139602.83,569801.42
Wed 26 Mar 2025,1,0,2,100%,0,1139602.83,1139602.83,1139602.83,569801.42
Thu 27 Mar 2025,1,0,2,100%,0,1139602.83,1139602.83,1139602.83,569801.42
Fri 28 Mar 2025,1,0,2,100%,0,1139602.83,1139602.83,1139602.83,569801.42
Sat 29 Mar 2025,1,0,2,100%,0,1139602.83,1139602.83,1139602.83,569801.42
Sun 30 Mar 2025,1,0,2,100%,0,1139602.83,1139602.83,1139602.83,569801.42
Mon 31 Mar 2025,1,0,2,100%,0,1139602.83,1139602.83,1139602.83,569801.42
Tue 1 Apr 2025,1,0,2,100%,0,1139602.83,1139602.83,1139602.83,569801.42
Wed 2 Apr 2025,1,0,2,100%,0,1139602.83,1139602.83,1139602.83,569801.42
Thu 3 Apr 2025,1,0,2,100%,0,1139602.83,1139602.83,1139602.83,569801.42
Fri 4 Apr 2025,1,0,2,100%,0,1139602.83,1139602.83,1139602.83,569801.42
Sat 5 Apr 2025,1,0,2,100%,0,1139602.83,1139602.83,1139602.83,569801.42
Sun 6 Apr 2025,1,0,2,100%,0,1139602.83,1139602.83,1139602.83,569801.42
Mon 7 Apr 2025,1,0,2,100%,0,1139602.83,1139602.83,1139602.83,569801.42
Tue 8 Apr 2025,1,0,2,100%,0,1139602.83,1139602.83,1139602.83,569801.42
Wed 9 Apr 2025,1,0,2,100%,0,1139602.83,1139602.83,1139602.83,569801.42
Thu 10 Apr 2025,1,0,2,100%,0,1139602.83,1139602.83,1139602.83,569801.42
Fri 11 Apr 2025,1,0,2,100%,0,1139602.83,1139602.83,1139602.83,569801.42
Sat 12 Apr 2025,1,0,2,100%,0,1139602.83,1139602.83,1139602.83,569801.42
Sun 13 Apr 2025,1,0,2,100%,0,1139602.83,1139602.83,1139602.83,569801.42
Mon 14 Apr 2025,0,1,0,0%,0,0,0,0,0
Tue 15 Apr 2025,1,0,1,100%,2040000.2,1467107,1467107,1467107,1467107
Wed 16 Apr 2025,1,0,1,100%,2040000.2,1467107,1467107,1467107,1467107
Thu 17 Apr 2025,1,0,1,100%,2040000.2,1467107,1467107,1467107,1467107
Fri 18 Apr 2025,1,0,1,100%,2040000.2,1467107,1467107,1467107,1467107
Sat 19 Apr 2025,1,0,1,100%,2040000.2,1467107,1467107,1467107,1467107
Sun 20 Apr 2025,1,0,2,100%,1605555.85,1165635.1,1165635.1,1165635.1,582817.55
Mon 21 Apr 2025,1,0,2,100%,1605555.85,1165635.1,1165635.1,1165635.1,582817.55
Tue 22 Apr 2025,1,0,2,100%,1605555.85,1165635.1,1165635.1,1165635.1,582817.55
Wed 23 Apr 2025,1,0,2,100%,1605555.85,1165635.1,1165635.1,1165635.1,582817.55
Thu 24 Apr 2025,1,0,2,100%,1605555.85,1165635.1,1165635.1,1165635.1,582817.55
Fri 25 Apr 2025,1,0,2,100%,1605555.85,1165635.1,1165635.1,1165635.1,582817.55
Sat 26 Apr 2025,1,0,2,100%,1605555.85,1165635.1,1165635.1,1165635.1,582817.55
Sun 27 Apr 2025,1,0,2,100%,1605555.85,1165635.1,1165635.1,1165635.1,582817.55
Mon 28 Apr 2025,1,0,2,100%,1605555.85,1165635.1,1165635.1,1165635.1,582817.55
Tue 29 Apr 2025,1,0,2,100%,1605555.85,1165635.1,1165635.1,1165635.1,582817.55
Wed 30 Apr 2025,1,0,2,100%,1605555.85,1165635.1,1165635.1,1165635.1,582817.55
Thu 1 May 2025,1,0,2,100%,1605555.85,1165635.1,1165635.1,1165635.1,582817.55
Fri 2 May 2025,1,0,2,100%,1605555.85,1165635.1,1165635.1,1165635.1,582817.55
Sat 3 May 2025,0,1,0,0%,0,0,0,0,0
Sun 4 May 2025,1,0,2,100%,1268907,1022798,1022798,1022798,511399
Mon 5 May 2025,1,0,2,100%,1268907,1022798,1022798,1022798,511399
Tue 6 May 2025,1,0,2,100%,1268907,1022798,1022798,1022798,511399
Wed 7 May 2025,0,1,0,0%,0,0,0,0,0
Thu 8 May 2025,0,1,0,0%,0,0,0,0,0
Fri 9 May 2025,0,1,0,0%,0,0,0,0,0
Sat 10 May 2025,1,0,2,100%,1410000.33,1060983.03,1060983.03,1060983.03,530491.52
Sun 11 May 2025,1,0,2,100%,1410000.33,1060983.03,1060983.03,1060983.03,530491.52
Mon 12 May 2025,1,0,2,100%,1410000.33,1060983.03,1060983.03,1060983.03,530491.52
Tue 13 May 2025,0,1,0,0%,0,0,0,0,0
Wed 14 May 2025,1,0,2,100%,0,1463829.4,1463829.4,1463829.4,731914.7
Thu 15 May 2025,1,0,2,100%,0,1463829.4,1463829.4,1463829.4,731914.7
Fri 16 May 2025,1,0,2,100%,0,1463829.4,1463829.4,1463829.4,731914.7
Sat 17 May 2025,1,0,2,100%,0,1463829.4,1463829.4,1463829.4,731914.7
Sun 18 May 2025,1,0,2,100%,0,1463829.4,1463829.4,1463829.4,731914.7
Mon 19 May 2025,0,1,0,0%,0,0,0,0,0
Tue 20 May 2025,0,1,0,0%,0,0,0,0,0
Wed 21 May 2025,0,1,0,0%,0,0,0,0,0
Thu 22 May 2025,0,1,0,0%,0,0,0,0,0
Fri 23 May 2025,0,1,0,0%,0,0,0,0,0
Sat 24 May 2025,0,1,0,0%,0,0,0,0,0
Sun 25 May 2025,0,1,0,0%,0,0,0,0,0
Mon 26 May 2025,0,1,0,0%,0,0,0,0,0
Tue 27 May 2025,0,1,0,0%,0,0,0,0,0
Wed 28 May 2025,1,0,2,100%,0,1145512.86,1145512.86,1145512.86,572756.43
Thu 29 May 2025,1,0,2,100%,0,1145512.86,1145512.86,1145512.86,572756.43
Fri 30 May 2025,1,0,2,100%,0,1145512.86,1145512.86,1145512.86,572756.43
Sat 31 May 2025,1,0,2,100%,0,1145512.86,1145512.86,1145512.86,572756.43
Sun 1 Jun 2025,1,0,2,100%,0,1145512.86,1145512.86,1145512.86,572756.43
Mon 2 Jun 2025,1,0,2,100%,0,1145512.86,1145512.86,1145512.86,572756.43
Tue 3 Jun 2025,1,0,2,100%,0,1145512.86,1145512.86,1145512.86,572756.43
Wed 4 Jun 2025,1,0,2,100%,0,1178356.5,1178356.5,1178356.5,589178.25
Thu 5 Jun 2025,1,0,2,100%,0,1178356.5,1178356.5,1178356.5,589178.25
Fri 6 Jun 2025,1,0,2,100%,0,1178356.5,1178356.5,1178356.5,589178.25
Sat 7 Jun 2025,1,0,2,100%,0,1178356.5,1178356.5,1178356.5,589178.25
Sun 8 Jun 2025,1,0,2,100%,0,1178356.5,1178356.5,1178356.5,589178.25
Mon 9 Jun 2025,1,0,2,100%,0,1178356.5,1178356.5,1178356.5,589178.25
Tue 10 Jun 2025,1,0,2,100%,0,1181978,1181978,1181978,590989
Wed 11 Jun 2025,1,0,2,100%,0,1181978,1181978,1181978,590989
Thu 12 Jun 2025,1,0,2,100%,0,1181978,1181978,1181978,590989
Fri 13 Jun 2025,1,0,2,100%,0,1181978,1181978,1181978,590989
Sat 14 Jun 2025,1,0,2,100%,0,2573632.67,2573632.67,2573632.67,1286816.33
Sun 15 Jun 2025,1,0,2,100%,0,2573632.67,2573632.67,2573632.67,1286816.33
Mon 16 Jun 2025,1,0,2,100%,0,2573632.67,2573632.67,2573632.67,1286816.33
Tue 17 Jun 2025,1,0,2,100%,0,2573632.67,2573632.67,2573632.67,1286816.33
Wed 18 Jun 2025,1,0,2,100%,0,2573632.67,2573632.67,2573632.67,1286816.33
Thu 19 Jun 2025,1,0,2,100%,0,2573632.67,2573632.67,2573632.67,1286816.33
Fri 20 Jun 2025,1,0,2,100%,1700000,1360340,1360340,1360340,680170
Sat 21 Jun 2025,1,0,2,100%,0,1247675.33,1247675.33,1247675.33,623837.67
Sun 22 Jun 2025,1,0,2,100%,0,1247675.33,1247675.33,1247675.33,623837.67
Mon 23 Jun 2025,1,0,2,100%,0,1247675.33,1247675.33,1247675.33,623837.67
Tue 24 Jun 2025,1,0,2,100%,1215000.17,941224.17,941224.17,941224.17,470612.08
Wed 25 Jun 2025,1,0,2,100%,1215000.17,941224.17,941224.17,941224.17,470612.08
Thu 26 Jun 2025,1,0,2,100%,1215000.17,941224.17,941224.17,941224.17,470612.08
Fri 27 Jun 2025,1,0,2,100%,1215000.17,941224.17,941224.17,941224.17,470612.08
Sat 28 Jun 2025,1,0,2,100%,1215000.17,941224.17,941224.17,941224.17,470612.08
Sun 29 Jun 2025,1,0,2,100%,1215000.17,941224.17,941224.17,941224.17,470612.08
Mon 30 Jun 2025,1,0,2,100%,1732583.33,1342197,1342197,1342197,671098.5
Tue 1 Jul 2025,1,0,2,100%,1732583.33,1342197,1342197,1342197,671098.5
Wed 2 Jul 2025,1,0,2,100%,1732583.33,1342197,1342197,1342197,671098.5
Thu 3 Jul 2025,1,0,2,100%,1732583.33,1342197,1342197,1342197,671098.5
Fri 4 Jul 2025,1,0,2,100%,1732583.33,1342197,1342197,1342197,671098.5
Sat 5 Jul 2025,1,0,2,100%,1732583.33,1342197,1342197,1342197,671098.5
Sun 6 Jul 2025,1,0,2,100%,1732583.33,1342197,1342197,1342197,671098.5
Mon 7 Jul 2025,1,0,2,100%,1732583.33,1342197,1342197,1342197,671098.5
Tue 8 Jul 2025,1,0,2,100%,1732583.33,1342197,1342197,1342197,671098.5
Wed 9 Jul 2025,1,0,2,100%,1732583.33,1342197,1342197,1342197,671098.5
Thu 10 Jul 2025,1,0,2,100%,1732583.33,1342197,1342197,1342197,671098.5
Fri 11 Jul 2025,1,0,2,100%,1732583.33,1342197,1342197,1342197,671098.5
Sat 12 Jul 2025,1,0,2,100%,1732583.33,1342197,1342197,1342197,671098.5
Sun 13 Jul 2025,1,0,2,100%,1732583.33,1342197,1342197,1342197,671098.5
Mon 14 Jul 2025,1,0,2,100%,1732583.33,1342197,1342197,1342197,671098.5
Tue 15 Jul 2025,1,0,2,100%,1732583.33,1342197,1342197,1342197,671098.5
Wed 16 Jul 2025,1,0,2,100%,1732583.33,1342197,1342197,1342197,671098.5
Thu 17 Jul 2025,1,0,2,100%,1732583.33,1342197,1342197,1342197,671098.5
Fri 18 Jul 2025,1,0,2,100%,1732583.33,1342197,1342197,1342197,671098.5
Sat 19 Jul 2025,1,0,2,100%,1732583.33,1342197,1342197,1342197,671098.5
Sun 20 Jul 2025,1,0,2,100%,1732583.33,1342197,1342197,1342197,671098.5
Mon 21 Jul 2025,1,0,2,100%,1732583.33,1342197,1342197,1342197,671098.5
Tue 22 Jul 2025,1,0,2,100%,1732583.33,1342197,1342197,1342197,671098.5
Wed 23 Jul 2025,1,0,2,100%,1732583.33,1342197,1342197,1342197,671098.5
Thu 24 Jul 2025,1,0,2,100%,1732583.33,1342197,1342197,1342197,671098.5
Fri 25 Jul 2025,1,0,2,100%,1732583.33,1342197,1342197,1342197,671098.5
Sat 26 Jul 2025,1,0,2,100%,1732583.33,1342197,1342197,1342197,671098.5
Sun 27 Jul 2025,1,0,2,100%,1732583.33,1342197,1342197,1342197,671098.5
Mon 28 Jul 2025,1,0,2,100%,1732583.33,1342197,1342197,1342197,671098.5
Tue 29 Jul 2025,1,0,2,100%,1732583.33,1342197,1342197,1342197,671098.5
Wed 30 Jul 2025,0,1,0,0%,0,0,0,0,0
Thu 31 Jul 2025,0,1,0,0%,0,0,0,0,0
Fri 1 Aug 2025,0,1,0,0%,0,0,0,0,0
Sat 2 Aug 2025,0,1,0,0%,0,0,0,0,0
Sun 3 Aug 2025,1,0,2,100%,820000,820000,820000,820000,410000
Mon 4 Aug 2025,1,0,2,100%,1844960,1487036,1487036,1487036,743518
Tue 5 Aug 2025,1,0,2,100%,1844960,1487036,1487036,1487036,743518
Wed 6 Aug 2025,1,0,2,100%,1844960,1487036,1487036,1487036,743518
Thu 7 Aug 2025,1,0,2,100%,1844960,1487036,1487036,1487036,743518
Fri 8 Aug 2025,1,0,2,100%,1844960,1487036,1487036,1487036,743518
Sat 9 Aug 2025,1,0,2,100%,1844960,1487036,1487036,1487036,743518
Sun 10 Aug 2025,0,1,0,0%,0,0,0,0,0
Mon 11 Aug 2025,1,0,2,100%,1593750.29,1234630.56,1234630.56,1234630.56,617315.28
Tue 12 Aug 2025,1,0,2,100%,1593750.29,1234630.56,1234630.56,1234630.56,617315.28
Wed 13 Aug 2025,1,0,2,100%,1593750.29,1234630.56,1234630.56,1234630.56,617315.28
Thu 14 Aug 2025,1,0,2,100%,1593750.29,1234630.56,1234630.56,1234630.56,617315.28
Fri 15 Aug 2025,1,0,2,100%,1593750.29,1234630.56,1234630.56,1234630.56,617315.28
Sat 16 Aug 2025,1,0,2,100%,1593750.29,1234630.56,1234630.56,1234630.56,617315.28
Sun 17 Aug 2025,1,0,2,100%,1593750.29,1234630.56,1234630.56,1234630.56,617315.28
Mon 18 Aug 2025,1,0,2,100%,1721250.33,1333401.16,1333401.16,1333401.16,666700.58
Tue 19 Aug 2025,1,0,2,100%,1721250.33,1333401.16,1333401.16,1333401.16,666700.58
Wed 20 Aug 2025,1,0,2,100%,1721250.33,1333401.16,1333401.16,1333401.16,666700.58
Thu 21 Aug 2025,1,0,2,100%,0,1430716.5,1430716.5,1430716.5,715358.25
Fri 22 Aug 2025,1,0,2,100%,0,1430716.5,1430716.5,1430716.5,715358.25
Sat 23 Aug 2025,1,0,2,100%,0,1430716.5,1430716.5,1430716.5,715358.25
Sun 24 Aug 2025,1,0,2,100%,0,1430716.5,1430716.5,1430716.5,715358.25
Mon 25 Aug 2025,1,0,2,100%,0,1430716.5,1430716.5,1430716.5,715358.25
Tue 26 Aug 2025,1,0,2,100%,0,1430716.5,1430716.5,1430716.5,715358.25
Wed 27 Aug 2025,0,1,0,0%,0,0,0,0,0
Thu 28 Aug 2025,0,1,0,0%,0,0,0,0,0
Fri 29 Aug 2025,0,1,0,0%,0,0,0,0,0
Sat 30 Aug 2025,0,1,0,0%,0,0,0,0,0
Sun 31 Aug 2025,0,1,0,0%,0,0,0,0,0
Mon 1 Sep 2025,0,1,0,0%,0,0,0,0,0
Tue 2 Sep 2025,0,1,0,0%,0,0,0,0,0
Wed 3 Sep 2025,0,1,0,0%,0,0,0,0,0
Thu 4 Sep 2025,0,1,0,0%,0,0,0,0,0
Fri 5 Sep 2025,1,0,1,100%,1845000,1429266.25,1429266.25,1429266.25,1429266.25
Sat 6 Sep 2025,1,0,1,100%,1845000,1429266.25,1429266.25,1429266.25,1429266.25
Sun 7 Sep 2025,1,0,1,100%,1845000,1429266.25,1429266.25,1429266.25,1429266.25
Mon 8 Sep 2025,1,0,1,100%,1845000,1429266.25,1429266.25,1429266.25,1429266.25
Tue 9 Sep 2025,1,0,2,100%,0,1068203.67,1068203.67,1068203.67,534101.83
Wed 10 Sep 2025,1,0,2,100%,0,1068203.67,1068203.67,1068203.67,534101.83
Thu 11 Sep 2025,1,0,2,100%,0,1068203.67,1068203.67,1068203.67,534101.83
Fri 12 Sep 2025,1,0,2,100%,0,1392048,1392048,1392048,696024
Sat 13 Sep 2025,1,0,2,100%,0,1209691.5,1209691.5,1209691.5,604845.75
Sun 14 Sep 2025,1,0,2,100%,0,1209691.5,1209691.5,1209691.5,604845.75
Mon 15 Sep 2025,0,1,0,0%,0,0,0,0,0
Tue 16 Sep 2025,1,0,2,100%,0,1209681,1209681,1209681,604840.5
Wed 17 Sep 2025,1,0,2,100%,0,1314716.5,1314716.5,1314716.5,657358.25
Thu 18 Sep 2025,1,0,2,100%,0,1314716.5,1314716.5,1314716.5,657358.25
Fri 19 Sep 2025,1,0,2,100%,0,1314716.5,1314716.5,1314716.5,657358.25
Sat 20 Sep 2025,1,0,2,100%,0,1314716.5,1314716.5,1314716.5,657358.25
Sun 21 Sep 2025,0,1,0,0%,0,0,0,0,0
Mon 22 Sep 2025,0,1,0,0%,0,0,0,0,0
Tue 23 Sep 2025,0,1,0,0%,0,0,0,0,0
Wed 24 Sep 2025,0,1,0,0%,0,0,0,0,0
Thu 25 Sep 2025,0,1,0,0%,0,0,0,0,0
Fri 26 Sep 2025,0,1,0,0%,0,0,0,0,0
Sat 27 Sep 2025,1,0,2,100%,0,536633,536633,536633,268316.5
Sun 28 Sep 2025,1,0,2,100%,0,536633,536633,536633,268316.5
Mon 29 Sep 2025,1,0,2,100%,1333333.5,988493.5,988493.5,988493.5,494246.75
Tue 30 Sep 2025,1,0,2,100%,1333333.5,988493.5,988493.5,988493.5,494246.75
Wed 1 Oct 2025,1,0,2,100%,1895448,1468346.57,1468346.57,1468346.57,734173.29
Thu 2 Oct 2025,1,0,2,100%,1895448,1468346.57,1468346.57,1468346.57,734173.29
Fri 3 Oct 2025,1,0,2,100%,1895448,1468346.57,1468346.57,1468346.57,734173.29
Sat 4 Oct 2025,1,0,2,100%,1895448,1468346.57,1468346.57,1468346.57,734173.29
Sun 5 Oct 2025,1,0,2,100%,1895448,1468346.57,1468346.57,1468346.57,734173.29
Mon 6 Oct 2025,1,0,2,100%,1895448,1468346.57,1468346.57,1468346.57,734173.29
Tue 7 Oct 2025,1,0,2,100%,1895448,1468346.57,1468346.57,1468346.57,734173.29
Wed 8 Oct 2025,1,0,2,100%,1349963,1088074,1088074,1088074,544037
Thu 9 Oct 2025,1,0,2,100%,0,964128.67,964128.67,964128.67,482064.33
Fri 10 Oct 2025,1,0,2,100%,0,964128.67,964128.67,964128.67,482064.33
Sat 11 Oct 2025,1,0,2,100%,0,964128.67,964128.67,964128.67,482064.33
Sun 12 Oct 2025,1,0,2,100%,1406393,1133392,1133392,1133392,566696
Mon 13 Oct 2025,1,0,2,100%,1406393,1133392,1133392,1133392,566696
Tue 14 Oct 2025,1,0,2,100%,1406393,1133392,1133392,1133392,566696
Wed 15 Oct 2025,1,0,2,100%,1406393,1133392,1133392,1133392,566696
Thu 16 Oct 2025,0,1,0,0%,0,0,0,0,0
Fri 17 Oct 2025,1,0,2,100%,1406393,1133392,1133392,1133392,566696
Sat 18 Oct 2025,1,0,2,100%,1406393,1133392,1133392,1133392,566696
Sun 19 Oct 2025,0,1,0,0%,0,0,0,0,0
Mon 20 Oct 2025,1,0,2,100%,0,1504215.33,1504215.33,1504215.33,752107.67
Tue 21 Oct 2025,1,0,2,100%,0,1504215.33,1504215.33,1504215.33,752107.67
Wed 22 Oct 2025,1,0,2,100%,0,1504215.33,1504215.33,1504215.33,752107.67
Thu 23 Oct 2025,0,1,0,0%,0,0,0,0,0
Fri 24 Oct 2025,1,0,1,100%,1200000,960240,960240,960240,960240
Sat 25 Oct 2025,1,0,1,100%,1200000,960240,960240,960240,960240
Sun 26 Oct 2025,0,1,0,0%,0,0,0,0,0
Mon 27 Oct 2025,1,0,2,100%,1213333.67,939933.33,939933.33,939933.33,469966.67
Tue 28 Oct 2025,1,0,2,100%,1213333.67,939933.33,939933.33,939933.33,469966.67
Wed 29 Oct 2025,1,0,2,100%,1213333.67,939933.33,939933.33,939933.33,469966.67
Thu 30 Oct 2025,0,1,0,0%,0,0,0,0,0
Fri 31 Oct 2025,0,1,0,0%,0,0,0,0,0
Sat 1 Nov 2025,1,0,1,100%,1192459.69,923762.77,923762.77,923762.77,923762.77
Sun 2 Nov 2025,1,0,1,100%,1192459.69,923762.77,923762.77,923762.77,923762.77
Mon 3 Nov 2025,1,0,1,100%,1192459.69,923762.77,923762.77,923762.77,923762.77
Tue 4 Nov 2025,1,0,1,100%,1192459.69,923762.77,923762.77,923762.77,923762.77
Wed 5 Nov 2025,1,0,1,100%,1192459.69,923762.77,923762.77,923762.77,923762.77
Thu 6 Nov 2025,1,0,1,100%,1192459.69,923762.77,923762.77,923762.77,923762.77
Fri 7 Nov 2025,1,0,1,100%,1192459.69,923762.77,923762.77,923762.77,923762.77
Sat 8 Nov 2025,1,0,1,100%,1192459.69,923762.77,923762.77,923762.77,923762.77
Sun 9 Nov 2025,1,0,1,100%,1192459.69,923762.77,923762.77,923762.77,923762.77
Mon 10 Nov 2025,1,0,1,100%,1192459.69,923762.77,923762.77,923762.77,923762.77
Tue 11 Nov 2025,1,0,1,100%,1192459.69,923762.77,923762.77,923762.77,923762.77
Wed 12 Nov 2025,1,0,1,100%,1192459.69,923762.77,923762.77,923762.77,923762.77
Thu 13 Nov 2025,1,0,1,100%,1192459.69,923762.77,923762.77,923762.77,923762.77
Fri 14 Nov 2025,0,1,0,0%,0,0,0,0,0
Sat 15 Nov 2025,0,1,0,0%,0,0,0,0,0
Sun 16 Nov 2025,1,0,2,100%,0,1576579.75,1576579.75,1576579.75,788289.88
Mon 17 Nov 2025,1,0,2,100%,0,1576579.75,1576579.75,1576579.75,788289.88
Tue 18 Nov 2025,0,1,0,0%,0,0,0,0,0
Wed 19 Nov 2025,0,1,0,0%,0,0,0,0,0
Thu 20 Nov 2025,1,0,1,100%,1138438,896727,896727,896727,896727
Fri 21 Nov 2025,1,0,1,100%,1138438,896727,896727,896727,896727
Sat 22 Nov 2025,1,0,1,100%,1138438,896727,896727,896727,896727
Sun 23 Nov 2025,1,0,1,100%,1138438,896727,896727,896727,896727
Mon 24 Nov 2025,1,0,1,100%,1124444.5,846111,846111,846111,846111
Tue 25 Nov 2025,1,0,1,100%,1124444.5,846111,846111,846111,846111
Wed 26 Nov 2025,0,1,0,0%,0,0,0,0,0
Thu 27 Nov 2025,1,0,2,100%,1516666.75,1141246.25,1141246.25,1141246.25,570623.13
Fri 28 Nov 2025,1,0,2,100%,1516666.75,1141246.25,1141246.25,1141246.25,570623.13
Sat 29 Nov 2025,1,0,2,100%,1516666.75,1141246.25,1141246.25,1141246.25,570623.13
Sun 30 Nov 2025,1,0,2,100%,1516666.75,1141246.25,1141246.25,1141246.25,570623.13
Mon 1 Dec 2025,0,1,0,0%,0,0,0,0,0
Tue 2 Dec 2025,0,1,0,0%,0,0,0,0,0
Wed 3 Dec 2025,0,1,0,0%,0,0,0,0,0
Thu 4 Dec 2025,0,1,0,0%,0,0,0,0,0
Fri 5 Dec 2025,1,0,2,100%,821000,821000,821000,821000,410500
Sat 6 Dec 2025,1,0,2,100%,1111111.2,823744.41,823744.41,823744.41,411872.21
Sun 7 Dec 2025,1,0,2,100%,1111111.2,823744.41,823744.41,823744.41,411872.21
Mon 8 Dec 2025,1,0,2,100%,1111111.2,823744.41,823744.41,823744.41,411872.21
Tue 9 Dec 2025,1,0,2,100%,1111111.2,823744.41,823744.41,823744.41,411872.21
Wed 10 Dec 2025,1,0,2,100%,1111111.2,823744.41,823744.41,823744.41,411872.21
Thu 11 Dec 2025,1,0,2,100%,1111111.2,823744.41,823744.41,823744.41,411872.21
Fri 12 Dec 2025,1,0,2,100%,1111111.2,823744.41,823744.41,823744.41,411872.21
Sat 13 Dec 2025,1,0,2,100%,1111111.2,823744.41,823744.41,823744.41,411872.21
Sun 14 Dec 2025,1,0,2,100%,1111111.2,823744.41,823744.41,823744.41,411872.21
Mon 15 Dec 2025,1,0,2,100%,1111111.2,823744.41,823744.41,823744.41,411872.21
Tue 16 Dec 2025,1,0,1,100%,0,970021.67,970021.67,970021.67,970021.67
Wed 17 Dec 2025,1,0,1,100%,0,970021.67,970021.67,970021.67,970021.67
Thu 18 Dec 2025,1,0,1,100%,0,970021.67,970021.67,970021.67,970021.67
Fri 19 Dec 2025,0,1,0,0%,0,0,0,0,0
Sat 20 Dec 2025,0,1,0,0%,0,0,0,0,0
Sun 21 Dec 2025,0,1,0,0%,0,0,0,0,0
Mon 22 Dec 2025,0,1,0,0%,0,0,0,0,0
Tue 23 Dec 2025,0,1,0,0%,0,0,0,0,0
Wed 24 Dec 2025,1,0,2,100%,1147458,903813,903813,903813,451906.5
Thu 25 Dec 2025,1,0,2,100%,1100000,990000,990000,990000,495000
Fri 26 Dec 2025,1,0,1,100%,0,928035.67,928035.67,928035.67,928035.67
Sat 27 Dec 2025,1,0,1,100%,0,928035.67,928035.67,928035.67,928035.67
Sun 28 Dec 2025,1,0,1,100%,0,928035.67,928035.67,928035.67,928035.67
Mon 29 Dec 2025,1,0,2,100%,2875000,2300575,2300575,2300575,1150287.5
Tue 30 Dec 2025,1,0,2,100%,2875000,2300575,2300575,2300575,1150287.5
Wed 31 Dec 2025,1,0,2,100%,2875000,2300575,2300575,2300575,1150287.5
